Frame,Mean
0,0.002759
1,0.000744
2,-0.002032
3,-0.005556
4,0.003382
5,0.001631
6,-0.000573
7,-0.003537
8,-0.008014
9,0.003371
10,0.000608
11,0.006386
12,-0.003238
13,-0.000398
14,0.000051
15,-0.001915
16,-0.002983
17,0.006058
18,0.005510
19,0.009382
20,-0.006460
21,0.002569
22,0.008738
23,0.004261
24,-0.002291
25,0.005980
26,0.012881
27,0.015373
28,0.010926
29,0.004097
30,0.012112
31,0.008558
32,0.012801
33,0.014850
34,0.017686
35,0.008644
36,0.008927
37,0.017608
38,0.023456
39,0.010389
40,0.022440
41,0.014389
42,0.014220
43,0.005926
44,0.013684
45,0.010753
46,0.019448
47,0.019745
48,0.013987
49,0.017726
50,0.011717
51,0.016306
52,0.020900
53,0.011885
54,0.013003
55,0.019647
56,0.016312
57,0.021438
58,0.017040
59,0.025607
60,0.019785
61,0.018564
62,0.020416
63,0.012382
64,0.017913
65,0.019922
66,0.024298
67,0.024035
68,0.022624
69,0.014381
70,0.016514
71,0.028373
72,0.023375
73,0.014560
74,0.022028
75,0.016616
76,0.019886
77,0.024325
78,0.017489
79,0.024938
80,0.012108
81,0.017549
82,0.016548
83,0.015957
84,0.020192
85,0.018269
86,0.010523
87,0.015773
88,0.017603
89,0.011942
90,0.023731
91,0.013488
92,0.021507
93,0.016172
94,0.006249
95,0.005868
96,0.010389
97,0.018700
98,0.010377
99,0.010100
100,0.013281
101,0.009455
102,0.012363
103,0.012861
104,0.005040
105,0.009743
106,-0.000897
107,0.009748
108,0.012831
109,0.011488
110,0.000531
111,0.008054
112,0.004030
113,0.001379
114,0.005575
115,0.007336
116,0.010769
117,0.001115
118,0.012355
119,0.006045
120,0.001161
121,0.007471
122,0.006232
123,0.010295
124,0.006026
125,-0.002226
126,0.003203
127,0.004988
128,0.007095
129,0.003111
130,0.001364
131,-0.001640
132,-0.001101
133,-0.002876
134,0.001737
135,0.000331
136,-0.000019
137,-0.001922
138,-0.000916
139,0.005850
140,0.001089
141,0.014592
142,-0.000458
143,0.003843
144,-0.007404
145,0.002907
146,0.001194
147,-0.002989
148,0.000023
149,0.007408
150,0.004321
151,-0.003316
152,-0.004105
153,-0.002148
154,-0.000961
155,-0.000908
156,-0.008200
157,-0.002690
158,-0.008256
159,-0.004105
160,-0.013789
161,-0.001880
162,0.000621
163,-0.007562
164,-0.001138
165,0.003783
166,-0.004272
167,-0.005816
168,-0.003138
169,-0.004515
170,-0.009660
171,-0.017216
172,-0.002386
173,-0.007437
174,-0.002353
175,-0.001480
176,-0.011642
177,-0.015279
178,-0.015676
179,-0.015664
180,-0.009441
181,-0.009102
182,-0.016782
183,-0.020586
184,-0.023621
185,-0.023915
186,-0.025160
187,-0.013703
188,-0.020645
189,-0.017720
190,-0.011040
191,-0.016142
192,-0.022482
193,-0.011210
194,-0.013536
195,-0.024477
196,-0.016185
197,-0.020224
198,-0.015729
199,-0.016283
200,-0.021743
201,-0.010815
202,-0.019482
203,-0.015944
204,-0.021126
205,-0.027328
206,-0.024951
207,-0.023997
208,-0.020755
209,-0.025073
210,-0.022528
211,-0.021380
212,-0.019571
213,-0.017054
214,-0.021107
215,-0.025063
216,-0.021583
217,-0.025157
218,-0.033129
219,-0.028516
220,-0.025131
221,-0.026619
222,-0.021324
223,-0.021700
224,-0.031602
225,-0.023079
226,-0.029572
227,-0.029139
228,-0.021186
229,-0.025884
230,-0.021334
231,-0.020928
232,-0.023541
233,-0.022077
234,-0.027834
235,-0.024381
236,-0.026748
237,-0.026094
238,-0.025615
239,-0.029565
240,-0.028520
241,-0.027509
242,-0.034431
243,-0.035420
244,-0.031826
245,-0.031534
246,-0.027463
247,-0.031645
248,-0.031251
249,-0.033494
250,-0.038244
251,-0.033182
252,-0.036432
253,-0.045269
254,-0.043705
255,-0.043848
256,-0.041120
257,-0.040132
258,-0.052890
259,-0.055965
260,-0.047396
261,-0.060164
262,-0.058145
263,-0.058568
264,-0.059666
265,-0.056457
266,-0.069275
267,-0.062167
268,-0.061259
269,-0.061943
270,-0.061105
271,-0.055515
272,-0.054096
273,-0.055802
274,-0.055102
275,-0.057225
276,-0.055767
277,-0.057175
278,-0.054433
279,-0.053708
280,-0.058695
281,-0.053481
282,-0.051435
283,-0.056594
284,-0.052597
285,-0.054446
286,-0.053427
287,-0.063271
288,-0.048608
289,-0.050755
290,-0.062905
291,-0.050182
292,-0.046281
293,-0.052557
294,-0.046660
295,-0.060336
296,-0.055639
297,-0.048167
298,-0.054472
299,-0.053826
300,-0.048084
301,-0.052015
302,-0.052086
303,-0.047721
304,-0.051828
305,-0.057366
306,-0.052777
307,-0.048575
308,-0.056179
309,-0.059799
310,-0.054640
311,-0.054156
312,-0.049605
313,-0.058489
314,-0.052217
315,-0.052840
316,-0.057773
317,-0.051941
318,-0.056654
319,-0.053759
320,-0.065242
321,-0.053826
322,-0.055747
323,-0.054515
324,-0.054262
325,-0.055989
326,-0.061222
327,-0.060911
328,-0.063525
329,-0.057931
330,-0.055340
331,-0.053481
332,-0.056453
333,-0.054370
334,-0.049670
335,-0.050224
336,-0.053457
337,-0.044453
338,-0.050320
339,-0.048948
340,-0.051425
341,-0.055972
342,-0.059095
343,-0.052233
344,-0.041696
345,-0.053009
346,-0.058467
347,-0.047757
348,-0.041259
349,-0.054795
350,-0.052482
351,-0.057021
352,-0.042603
353,-0.054228
354,-0.049694
355,-0.051464
356,-0.045231
357,-0.051824
358,-0.055830
359,-0.046194
360,-0.051730
361,-0.057024
362,-0.057494
363,-0.045402
364,-0.051651
365,-0.049931
366,-0.061451
367,-0.048617
368,-0.048873
369,-0.057022
370,-0.054753
371,-0.043715
372,-0.045478
373,-0.050864
374,-0.047235
375,-0.039991
376,-0.043460
377,-0.051902
378,-0.046880
379,-0.053829
380,-0.051398
381,-0.044751
382,-0.044397
383,-0.051078
384,-0.044591
385,-0.048284
386,-0.050928
387,-0.042051
388,-0.050121
389,-0.045016
390,-0.043092
391,-0.049365
392,-0.044841
393,-0.050797
394,-0.042929
395,-0.045362
396,-0.047492
397,-0.044521
398,-0.038535
399,-0.038108
400,-0.035915
401,-0.037272
402,-0.045790
403,-0.037415
404,-0.045955
405,-0.032238
406,-0.035993
407,-0.039059
408,-0.038258
409,-0.039851
410,-0.043869
411,-0.035943
412,-0.039938
413,-0.039270
414,-0.032214
415,-0.041318
416,-0.032387
417,-0.037301
418,-0.042713
419,-0.027966
420,-0.049151
421,-0.031432
422,-0.037885
423,-0.031106
424,-0.033518
425,-0.032473
426,-0.026639
427,-0.034568
428,-0.024935
429,-0.028307
430,-0.028268
431,-0.025786
432,-0.025349
433,-0.026182
434,-0.021850
435,-0.027400
436,-0.018520
437,-0.022008
438,-0.018629
439,-0.014285
440,-0.016800
441,-0.019542
442,-0.013099
443,-0.016411
444,-0.017419
445,-0.015132
446,-0.012010
447,-0.017268
448,-0.017461
449,-0.014942
450,-0.014550
451,-0.011891
452,-0.015175
453,-0.022094
454,-0.007652
455,-0.010341
456,-0.013218
457,-0.008821
458,-0.006492
459,-0.005304
460,-0.006099
461,-0.013109
462,-0.001571
463,-0.014086
464,-0.015818
465,-0.005825
466,-0.011275
467,-0.008420
468,-0.007748
469,-0.001875
470,-0.000213
471,0.002072
472,-0.004820
473,-0.002632
474,-0.000230
475,-0.001971
476,-0.003411
477,-0.001965
478,-0.002338
479,-0.003360
480,0.006064
481,0.003555
482,0.003972
483,0.000076
484,0.004723
485,0.017548
486,0.003885
487,0.006268
488,0.002353
489,0.007708
490,0.010958
491,0.005393
492,0.010572
493,0.008218
494,0.014682
495,0.005902
496,0.011055
497,0.015250
498,0.006602
499,0.014216
500,0.012813
501,0.013464
502,0.016328
503,0.009219
504,0.017015
505,0.019341
506,0.017147
507,0.016725
508,0.019999
509,0.012484
510,0.016597
511,0.018932
512,0.025517
513,0.017933
514,0.014408
515,0.015920
516,0.022938
517,0.017411
518,0.022475
519,0.007669
520,0.024389
521,0.017223
522,0.010637
523,0.020763
524,0.020272
525,0.030011
526,0.018468
527,0.020088
528,0.021996
529,0.027806
530,0.029017
531,0.033213
532,0.030782
533,0.029293
534,0.024182
535,0.034959
536,0.026816
537,0.030354
538,0.032693
539,0.031611
540,0.035679
541,0.035246
542,0.034528
543,0.028203
544,0.032318
545,0.034404
546,0.033171
547,0.035604
548,0.035914
549,0.032912
550,0.037984
551,0.043343
552,0.036231
553,0.040394
554,0.035302
555,0.030881
556,0.037138
557,0.037410
558,0.040940
559,0.035192
560,0.044805
561,0.047188
562,0.046422
563,0.044278
564,0.048490
565,0.037130
566,0.049533
567,0.043555
568,0.047378
569,0.055067
570,0.047804
571,0.054083
572,0.049653
573,0.061476
574,0.059897
575,0.058291
576,0.059921
577,0.060260
578,0.056891
579,0.049121
580,0.056947
581,0.054234
582,0.053668
583,0.056391
584,0.064171
585,0.062917
586,0.054176
587,0.064023
588,0.066508
589,0.061075
590,0.062705
591,0.066803
592,0.062215
593,0.067397
594,0.064487
595,0.066499
596,0.069680
597,0.070632
598,0.068167
599,0.084803
600,0.075600
601,0.074702
602,0.082460
603,0.074026
604,0.087476
605,0.079727
606,0.086335
607,0.091189
608,0.082130
609,0.098153
610,0.085587
611,0.088892
612,0.098525
613,0.089226
614,0.084731
615,0.089896
616,0.102876
617,0.094865
618,0.091293
619,0.092643
620,0.108141
621,0.097590
622,0.104437
623,0.101998
624,0.103035
625,0.114401
626,0.101172
627,0.104102
628,0.109527
629,0.111612
630,0.106779
631,0.114338
632,0.112603
633,0.113524
634,0.110267
635,0.107412
636,0.122699
637,0.112719
638,0.115767
639,0.118502
640,0.113197
641,0.122515
642,0.113814
643,0.123586
644,0.112085
645,0.114136
646,0.116247
647,0.118183
648,0.118159
649,0.119725
650,0.128286
651,0.123036
652,0.122416
653,0.117845
654,0.128980
655,0.124675
656,0.123954
657,0.118899
658,0.117348
659,0.112558
660,0.107214
661,0.126487
662,0.120404
663,0.125481
664,0.127408
665,0.120051
666,0.124731
667,0.122947
668,0.128403
669,0.132500
670,0.131537
671,0.129490
672,0.127132
673,0.129399
674,0.138950
675,0.140667
676,0.127645
677,0.127313
678,0.125776
679,0.127640
680,0.128875
681,0.130753
682,0.130442
683,0.137111
684,0.138007
685,0.136481
686,0.127237
687,0.133362
688,0.140788
689,0.138306
690,0.137912
691,0.140663
692,0.142182
693,0.130980
694,0.141881
695,0.144845
696,0.138964
697,0.142431
698,0.127472
699,0.138079
700,0.132974
701,0.144190
702,0.138600
703,0.134841
704,0.139457
705,0.138716
706,0.144082
707,0.133009
708,0.147434
709,0.147325
710,0.151566
711,0.151528
712,0.144866
713,0.158378
714,0.161342
715,0.155059
716,0.159189
717,0.154829
718,0.154295
719,0.158801
720,0.163366
721,0.166353
722,0.167394
723,0.161753
724,0.165605
725,0.167206
726,0.171325
727,0.162772
728,0.177097
729,0.173109
730,0.178641
731,0.171669
732,0.178146
733,0.170837
734,0.168793
735,0.171290
736,0.163029
737,0.173830
738,0.164203
739,0.169983
740,0.155505
741,0.167574
742,0.167655
743,0.182290
744,0.176824
745,0.173411
746,0.181268
747,0.175384
748,0.169559
749,0.178913
750,0.184373
751,0.172977
752,0.178091
753,0.176505
754,0.167121
755,0.183001
756,0.174856
757,0.170740
758,0.172893
759,0.176815
760,0.172752
761,0.173795
762,0.173892
763,0.165460
764,0.179115
765,0.179692
766,0.175110
767,0.177881
768,0.187231
769,0.179955
770,0.175037
771,0.183483
772,0.183744
773,0.183850
774,0.183620
775,0.189730
776,0.178687
777,0.183513
778,0.189882
779,0.185142
780,0.177727
781,0.183508
782,0.177814
783,0.185525
784,0.190151
785,0.196281
786,0.182379
787,0.188306
788,0.179737
789,0.191813
790,0.197741
791,0.198544
792,0.194747
793,0.198682
794,0.192512
795,0.196855
796,0.209332
797,0.201622
798,0.197286
799,0.204462
800,0.202380
801,0.199772
802,0.211110
803,0.202873
804,0.203894
805,0.206814
806,0.203497
807,0.211330
808,0.202327
809,0.196824
810,0.201379
811,0.203930
812,0.197396
813,0.203165
814,0.202386
815,0.202439
816,0.214287
817,0.213252
818,0.204034
819,0.214181
820,0.215162
821,0.215061
822,0.219569
823,0.220559
824,0.209805
825,0.228958
826,0.222894
827,0.225637
828,0.228564
829,0.226017
830,0.232158
831,0.229940
832,0.235358
833,0.233433
834,0.230280
835,0.228239
836,0.235217
837,0.243950
838,0.238500
839,0.232976
840,0.237849
841,0.243315
842,0.237408
843,0.229832
844,0.240650
845,0.241441
846,0.245307
847,0.243029
848,0.253440
849,0.246289
850,0.244347
851,0.249489
852,0.249382
853,0.249192
854,0.251573
855,0.254961
856,0.264718
857,0.257636
858,0.259483
859,0.261766
860,0.261963
861,0.250939
862,0.261496
863,0.265271
864,0.251441
865,0.260045
866,0.253785
867,0.254801
868,0.262457
869,0.260949
870,0.266164
871,0.264397
872,0.270004
873,0.264627
874,0.271966
875,0.269872
876,0.277604
877,0.274288
878,0.274267
879,0.276271
880,0.273087
881,0.267566
882,0.273202
883,0.280770
884,0.271278
885,0.286914
886,0.277401
887,0.285895
888,0.272498
889,0.277790
890,0.273730
891,0.276026
892,0.279635
893,0.285655
894,0.281848
895,0.276745
896,0.277049
897,0.263995
898,0.280512
899,0.282134
900,0.269933
901,0.273831
902,0.280494
903,0.274247
904,0.284873
905,0.283934
906,0.284730
907,0.287140
908,0.279009
909,0.281107
910,0.279756
911,0.282300
912,0.283165
913,0.281610
914,0.281579
915,0.283382
916,0.294079
917,0.282750
918,0.281277
919,0.293610
920,0.297771
921,0.295753
922,0.290803
923,0.287194
924,0.286640
925,0.299949
926,0.302293
927,0.297680
928,0.284561
929,0.292988
930,0.295121
931,0.287192
932,0.303067
933,0.293631
934,0.281362
935,0.291598
936,0.297136
937,0.289860
938,0.301109
939,0.297823
940,0.305686
941,0.305288
942,0.305704
943,0.294306
944,0.293733
945,0.309726
946,0.302223
947,0.291172
948,0.308791
949,0.303874
950,0.300377
951,0.308338
952,0.300459
953,0.296744
954,0.299069
955,0.299130
956,0.294786
957,0.295722
958,0.288519
959,0.287229
960,0.300165
961,0.288005
962,0.289209
963,0.294426
964,0.297232
965,0.288523
966,0.297521
967,0.311165
968,0.309337
969,0.302135
970,0.307788
971,0.309520
972,0.307158
973,0.307652
974,0.308222
975,0.309383
976,0.308781
977,0.310014
978,0.313599
979,0.313935
980,0.321635
981,0.315392
982,0.321775
983,0.313453
984,0.315938
985,0.332208
986,0.314918
987,0.314755
988,0.325356
989,0.319415
990,0.330109
991,0.320010
992,0.326637
993,0.332368
994,0.326896
995,0.319545
996,0.316264
997,0.328029
998,0.317333
999,0.320064
1000,0.308010
1001,0.326461
1002,0.323119
1003,0.331809
1004,0.318098
1005,0.333378
1006,0.331566
1007,0.311961
1008,0.321361
1009,0.318504
1010,0.311776
1011,0.319990
1012,0.313424
1013,0.331400
1014,0.322324
1015,0.317792
1016,0.319823
1017,0.314760
1018,0.320386
1019,0.316551
1020,0.319744
1021,0.320820
1022,0.314590
1023,0.321077
1024,0.321510
1025,0.318274
1026,0.326429
1027,0.327110
1028,0.333981
1029,0.317904
1030,0.318596
1031,0.320820
1032,0.333643
1033,0.322612
1034,0.331298
1035,0.325221
1036,0.329777
1037,0.330250
1038,0.329844
1039,0.334194
1040,0.315467
1041,0.324266
1042,0.316034
1043,0.318814
1044,0.318865
1045,0.333380
1046,0.324678
1047,0.331251
1048,0.327553
1049,0.323669
1050,0.321875
1051,0.328037
1052,0.319129
1053,0.323963
1054,0.325778
1055,0.320660
1056,0.327454
1057,0.316121
1058,0.324468
1059,0.321160
1060,0.320626
1061,0.316931
1062,0.319027
1063,0.324233
1064,0.324766
1065,0.324887
1066,0.332722
1067,0.328009
1068,0.329890
1069,0.326381
1070,0.330675
1071,0.329720
1072,0.334701
1073,0.323322
1074,0.316543
1075,0.320287
1076,0.316792
1077,0.319217
1078,0.335441
1079,0.324873
1080,0.341494
1081,0.322775
1082,0.334617
1083,0.343468
1084,0.327441
1085,0.325915
1086,0.328366
1087,0.336116
1088,0.337518
1089,0.322955
1090,0.329643
1091,0.344766
1092,0.330744
1093,0.331348
1094,0.333413
1095,0.338146
1096,0.324240
1097,0.330420
1098,0.333206
1099,0.337727
1100,0.341235
1101,0.327044
1102,0.325435
1103,0.312105
1104,0.325391
1105,0.316862
1106,0.314585
1107,0.332247
1108,0.322757
1109,0.322706
1110,0.318554
1111,0.323692
1112,0.324174
1113,0.328240
1114,0.336996
1115,0.330231
1116,0.330384
1117,0.337903
1118,0.335930
1119,0.343418
1120,0.351258
1121,0.337513
1122,0.336643
1123,0.335046
1124,0.353064
1125,0.342504
1126,0.345679
1127,0.347156
1128,0.343188
1129,0.335076
1130,0.341790
1131,0.332600
1132,0.343419
1133,0.342447
1134,0.331861
1135,0.330061
1136,0.335811
1137,0.329239
1138,0.322815
1139,0.331143
1140,0.332381
1141,0.330011
1142,0.335333
1143,0.329875
1144,0.327196
1145,0.335129
1146,0.337975
1147,0.329979
1148,0.333554
1149,0.327600
1150,0.331244
1151,0.336364
1152,0.329634
1153,0.333484
1154,0.326228
1155,0.334866
1156,0.319178
1157,0.327106
1158,0.322533
1159,0.330663
1160,0.327266
1161,0.323101
1162,0.326251
1163,0.308428
1164,0.317908
1165,0.319340
1166,0.319131
1167,0.316336
1168,0.323088
1169,0.312373
1170,0.317811
1171,0.319108
1172,0.327383
1173,0.331356
1174,0.332392
1175,0.331651
1176,0.320352
1177,0.326855
1178,0.330552
1179,0.322591
1180,0.315561
1181,0.332013
1182,0.327729
1183,0.339222
1184,0.329941
1185,0.325609
1186,0.323949
1187,0.328983
1188,0.319524
1189,0.331604
1190,0.324458
1191,0.325244
1192,0.327435
1193,0.326744
1194,0.322175
1195,0.324921
1196,0.321870
1197,0.316315
1198,0.319466
1199,0.314611
1200,0.323496
1201,0.309249
1202,0.304341
1203,0.312880
1204,0.316294
1205,0.304727
1206,0.305485
1207,0.304135
1208,0.310067
1209,0.309455
1210,0.307985
1211,0.309723
1212,0.311127
1213,0.308011
1214,0.308967
1215,0.296605
1216,0.304852
1217,0.305012
1218,0.304817
1219,0.305372
1220,0.307378
1221,0.299032
1222,0.310267
1223,0.303875
1224,0.311877
1225,0.313363
1226,0.302744
1227,0.315004
1228,0.308563
1229,0.298851
1230,0.303251
1231,0.306242
1232,0.301760
1233,0.296398
1234,0.307037
1235,0.312447
1236,0.315609
1237,0.313986
1238,0.305262
1239,0.300961
1240,0.310569
1241,0.310147
1242,0.304103
1243,0.312154
1244,0.303566
1245,0.310376
1246,0.312408
1247,0.303755
1248,0.296315
1249,0.311198
1250,0.303633
1251,0.306752
1252,0.297218
1253,0.301880
1254,0.305771
1255,0.315753
1256,0.295612
1257,0.303923
1258,0.306932
1259,0.300973
1260,0.304622
1261,0.311303
1262,0.310265
1263,0.311594
1264,0.304550
1265,0.311289
1266,0.306189
1267,0.316776
1268,0.307261
1269,0.318737
1270,0.310770
1271,0.320126
1272,0.313209
1273,0.309389
1274,0.316255
1275,0.307162
1276,0.308014
1277,0.313450
1278,0.309322
1279,0.305679
1280,0.307572
1281,0.311880
1282,0.309927
1283,0.305478
1284,0.319661
1285,0.302104
1286,0.327098
1287,0.329948
1288,0.331095
1289,0.321669
1290,0.327166
1291,0.319204
1292,0.314509
1293,0.328696
1294,0.332368
1295,0.317557
1296,0.327561
1297,0.326229
1298,0.324199
1299,0.319468
1300,0.328143
1301,0.327018
1302,0.320587
1303,0.321228
1304,0.314077
1305,0.332909
1306,0.335422
1307,0.328786
1308,0.330976
1309,0.324356
1310,0.324425
1311,0.344933
1312,0.326808
1313,0.327716
1314,0.333316
1315,0.329920
1316,0.337693
1317,0.335289
1318,0.335500
1319,0.335925
1320,0.340722
1321,0.334816
1322,0.339337
1323,0.335060
1324,0.327351
1325,0.333247
1326,0.342409
1327,0.321085
1328,0.329393
1329,0.318942
1330,0.320790
1331,0.309475
1332,0.315963
1333,0.312843
1334,0.324239
1335,0.315918
1336,0.311762
1337,0.316927
1338,0.316446
1339,0.312769
1340,0.311779
1341,0.325378
1342,0.325449
1343,0.315837
1344,0.323651
1345,0.316053
1346,0.320631
1347,0.322452
1348,0.321832
1349,0.321725
1350,0.325708
1351,0.323876
1352,0.323321
1353,0.316628
1354,0.314076
1355,0.320661
1356,0.323696
1357,0.317201
1358,0.315978
1359,0.315087
1360,0.307178
1361,0.309396
1362,0.312745
1363,0.315895
1364,0.319104
1365,0.311291
1366,0.298473
1367,0.307112
1368,0.304539
1369,0.303481
1370,0.304242
1371,0.296648
1372,0.301513
1373,0.300531
1374,0.301197
1375,0.289208
1376,0.300657
1377,0.286511
1378,0.285979
1379,0.290274
1380,0.290835
1381,0.290908
1382,0.274288
1383,0.288498
1384,0.277036
1385,0.280122
1386,0.285120
1387,0.278141
1388,0.281071
1389,0.269600
1390,0.269525
1391,0.274136
1392,0.271827
1393,0.260898
1394,0.266896
1395,0.263751
1396,0.275690
1397,0.271532
1398,0.268658
1399,0.268556
1400,0.263057
1401,0.264911
1402,0.269290
1403,0.252580
1404,0.267955
1405,0.249862
1406,0.258105
1407,0.264946
1408,0.267245
1409,0.258521
1410,0.252590
1411,0.250752
1412,0.257666
1413,0.247873
1414,0.249262
1415,0.257790
1416,0.250488
1417,0.248930
1418,0.251203
1419,0.251760
1420,0.251144
1421,0.244138
1422,0.248004
1423,0.249272
1424,0.243821
1425,0.241344
1426,0.234857
1427,0.250923
1428,0.230015
1429,0.234272
1430,0.233916
1431,0.228492
1432,0.227526
1433,0.222057
1434,0.221495
1435,0.232797
1436,0.222651
1437,0.226096
1438,0.216336
1439,0.224003
1440,0.215769
1441,0.224707
1442,0.223896
1443,0.223367
1444,0.222285
1445,0.215191
1446,0.229043
1447,0.215668
1448,0.210580
1449,0.221136
1450,0.221208
1451,0.210981
1452,0.220102
1453,0.213840
1454,0.216299
1455,0.222692
1456,0.220371
1457,0.215141
1458,0.215469
1459,0.222720
1460,0.221817
1461,0.215859
1462,0.214699
1463,0.217043
1464,0.206093
1465,0.216270
1466,0.218828
1467,0.212575
1468,0.208826
1469,0.202943
1470,0.212487
1471,0.209999
1472,0.206643
1473,0.212552
1474,0.205428
1475,0.205265
1476,0.210448
1477,0.210504
1478,0.201051
1479,0.199722
1480,0.206612
1481,0.205665
1482,0.205991
1483,0.204675
1484,0.208020
1485,0.210684
1486,0.204314
1487,0.205344
1488,0.210921
1489,0.200739
1490,0.190849
1491,0.210122
1492,0.206250
1493,0.200603
1494,0.206101
1495,0.191978
1496,0.197889
1497,0.208147
1498,0.199749
1499,0.207567
1500,0.210085
1501,0.203615
1502,0.208696
1503,0.205888
1504,0.199519
1505,0.210952
1506,0.206579
1507,0.204029
1508,0.201483
1509,0.200148
1510,0.194111
1511,0.194953
1512,0.206066
1513,0.200704
1514,0.202373
1515,0.193029
1516,0.194485
1517,0.196895
1518,0.200997
1519,0.190481
1520,0.200359
1521,0.194689
1522,0.197371
1523,0.205541
1524,0.197874
1525,0.201742
1526,0.198949
1527,0.208075
1528,0.198237
1529,0.184571
1530,0.190708
1531,0.194946
1532,0.196909
1533,0.189554
1534,0.192702
1535,0.192064
1536,0.194522
1537,0.194875
1538,0.200069
1539,0.196859
1540,0.198813
1541,0.196714
1542,0.209446
1543,0.189626
1544,0.202678
1545,0.195606
1546,0.186179
1547,0.196686
1548,0.200150
1549,0.205695
1550,0.196671
1551,0.206702
1552,0.197639
1553,0.194304
1554,0.197593
1555,0.196080
1556,0.197714
1557,0.198693
1558,0.198566
1559,0.192646
1560,0.207891
1561,0.200021
1562,0.197808
1563,0.198576
1564,0.207982
1565,0.219016
1566,0.214309
1567,0.207328
1568,0.204138
1569,0.211446
1570,0.197707
1571,0.204219
1572,0.205353
1573,0.204153
1574,0.219825
1575,0.212163
1576,0.206458
1577,0.209191
1578,0.212930
1579,0.207549
1580,0.210181
1581,0.205601
1582,0.206234
1583,0.212258
1584,0.202276
1585,0.205600
1586,0.215202
1587,0.194252
1588,0.197646
1589,0.197735
1590,0.198457
1591,0.206962
1592,0.194414
1593,0.199527
1594,0.191512
1595,0.194140
1596,0.189195
1597,0.192187
1598,0.180585
1599,0.186727
1600,0.190365
1601,0.177100
1602,0.175230
1603,0.180466
1604,0.181042
1605,0.176866
1606,0.162189
1607,0.170001
1608,0.172229
1609,0.174724
1610,0.172788
1611,0.166571
1612,0.174227
1613,0.165299
1614,0.168669
1615,0.166975
1616,0.170598
1617,0.163836
1618,0.170522
1619,0.166860
1620,0.153676
1621,0.168038
1622,0.165770
1623,0.168959
1624,0.157023
1625,0.163073
1626,0.156517
1627,0.166213
1628,0.153916
1629,0.164718
1630,0.162977
1631,0.163699
1632,0.153039
1633,0.161486
1634,0.156999
1635,0.168283
1636,0.160709
1637,0.160647
1638,0.155856
1639,0.164125
1640,0.146646
1641,0.167120
1642,0.154709
1643,0.155819
1644,0.158335
1645,0.163097
1646,0.149075
1647,0.146988
1648,0.158291
1649,0.166876
1650,0.153312
1651,0.162697
1652,0.153577
1653,0.156349
1654,0.164900
1655,0.153608
1656,0.155234
1657,0.150435
1658,0.155465
1659,0.160549
1660,0.162457
1661,0.161070
1662,0.154742
1663,0.162992
1664,0.161730
1665,0.148776
1666,0.169324
1667,0.162591
1668,0.155128
1669,0.163833
1670,0.165225
1671,0.167045
1672,0.163254
1673,0.156492
1674,0.161428
1675,0.167480
1676,0.165299
1677,0.157657
1678,0.160441
1679,0.159188
1680,0.164857
1681,0.175122
1682,0.168572
1683,0.176357
1684,0.166787
1685,0.177868
1686,0.165688
1687,0.173546
1688,0.177904
1689,0.164253
1690,0.175867
1691,0.167144
1692,0.169298
1693,0.173908
1694,0.167625
1695,0.168243
1696,0.161286
1697,0.168412
1698,0.173845
1699,0.175160
1700,0.179300
1701,0.181625
1702,0.171916
1703,0.175649
1704,0.178198
1705,0.177761
1706,0.181649
1707,0.173820
1708,0.181563
1709,0.183245
1710,0.192215
1711,0.199601
1712,0.180412
1713,0.189684
1714,0.183669
1715,0.192490
1716,0.195174
1717,0.202443
1718,0.206015
1719,0.199404
1720,0.195685
1721,0.206433
1722,0.197658
1723,0.199055
1724,0.203394
1725,0.207418
1726,0.197743
1727,0.202781
1728,0.208787
1729,0.198603
1730,0.204696
1731,0.210581
1732,0.203041
1733,0.207280
1734,0.207486
1735,0.206978
1736,0.204531
1737,0.203054
1738,0.212451
1739,0.206848
1740,0.212049
1741,0.208813
1742,0.206214
1743,0.214171
1744,0.203877
1745,0.209011
1746,0.211472
1747,0.216317
1748,0.210495
1749,0.217064
1750,0.221317
1751,0.206345
1752,0.208744
1753,0.213268
1754,0.209411
1755,0.205484
1756,0.202637
1757,0.199736
1758,0.210425
1759,0.202135
1760,0.201769
1761,0.195872
1762,0.200366
1763,0.199463
1764,0.203158
1765,0.193740
1766,0.200857
1767,0.191125
1768,0.204435
1769,0.205816
1770,0.210929
1771,0.206194
1772,0.208398
1773,0.212661
1774,0.205731
1775,0.207250
1776,0.204619
1777,0.213200
1778,0.209635
1779,0.213220
1780,0.198845
1781,0.211366
1782,0.206210
1783,0.206190
1784,0.201505
1785,0.204957
1786,0.188943
1787,0.205276
1788,0.197725
1789,0.204060
1790,0.200715
1791,0.210531
1792,0.207211
1793,0.206920
1794,0.209745
1795,0.208393
1796,0.210112
1797,0.209759
1798,0.203997
1799,0.206909
1800,0.211795
1801,0.205370
1802,0.204137
1803,0.216046
1804,0.219555
1805,0.222090
1806,0.213401
1807,0.212040
1808,0.215176
1809,0.217826
1810,0.205622
1811,0.211053
1812,0.206612
1813,0.224093
1814,0.210684
1815,0.225111
1816,0.223995
1817,0.209959
1818,0.213340
1819,0.206578
1820,0.216571
1821,0.211298
1822,0.211906
1823,0.211323
1824,0.210935
1825,0.210118
1826,0.208424
1827,0.201598
1828,0.205407
1829,0.196723
1830,0.206928
1831,0.198589
1832,0.195538
1833,0.189868
1834,0.193733
1835,0.202005
1836,0.199352
1837,0.190728
1838,0.196998
1839,0.191190
1840,0.190815
1841,0.181105
1842,0.198597
1843,0.194769
1844,0.195210
1845,0.196025
1846,0.189405
1847,0.193494
1848,0.198682
1849,0.197629
1850,0.198422
1851,0.197300
1852,0.187974
1853,0.194091
1854,0.199481
1855,0.186462
1856,0.174653
1857,0.193137
1858,0.196738
1859,0.182388
1860,0.187071
1861,0.186230
1862,0.190204
1863,0.193434
1864,0.179766
1865,0.178085
1866,0.187890
1867,0.183509
1868,0.189275
1869,0.178979
1870,0.182292
1871,0.175061
1872,0.179252
1873,0.183634
1874,0.184441
1875,0.184174
1876,0.190258
1877,0.189377
1878,0.182402
1879,0.194022
1880,0.194271
1881,0.185804
1882,0.192415
1883,0.197158
1884,0.194995
1885,0.194415
1886,0.200225
1887,0.205378
1888,0.191178
1889,0.198108
1890,0.205576
1891,0.194060
1892,0.203458
1893,0.202393
1894,0.209494
1895,0.201665
1896,0.202356
1897,0.197468
1898,0.197205
1899,0.208461
1900,0.212844
1901,0.190075
1902,0.200918
1903,0.194684
1904,0.203785
1905,0.198387
1906,0.201951
1907,0.206701
1908,0.199342
1909,0.210373
1910,0.205969
1911,0.210684
1912,0.211208
1913,0.211911
1914,0.215645
1915,0.212197
1916,0.216988
1917,0.219057
1918,0.220699
1919,0.224897
1920,0.222418
1921,0.224189
1922,0.226664
1923,0.226197
1924,0.226837
1925,0.226150
1926,0.223790
1927,0.227095
1928,0.232560
1929,0.232151
1930,0.233307
1931,0.240517
1932,0.244498
1933,0.247306
1934,0.241612
1935,0.243998
1936,0.241100
1937,0.248735
1938,0.248133
1939,0.254362
1940,0.258875
1941,0.255066
1942,0.253977
1943,0.247232
1944,0.249450
1945,0.255944
1946,0.242621
1947,0.250649
1948,0.250775
1949,0.256442
1950,0.256268
1951,0.262565
1952,0.267559
1953,0.273471
1954,0.265231
1955,0.256267
1956,0.266104
1957,0.264553
1958,0.265215
1959,0.273032
1960,0.272332
1961,0.273077
1962,0.272852
1963,0.277488
1964,0.280885
1965,0.286739
1966,0.275303
1967,0.288044
1968,0.286721
1969,0.298865
1970,0.294556
1971,0.287285
1972,0.291200
1973,0.296188
1974,0.292641
1975,0.308326
1976,0.314078
1977,0.293288
1978,0.317895
1979,0.308286
1980,0.313757
1981,0.304618
1982,0.308625
1983,0.309981
1984,0.314976
1985,0.301740
1986,0.313509
1987,0.313758
1988,0.316433
1989,0.332110
1990,0.320599
1991,0.321267
1992,0.323915
1993,0.318642
1994,0.320156
1995,0.326896
1996,0.320953
1997,0.323667
1998,0.323878
1999,0.329721
2000,0.329655
2001,0.337791
2002,0.335439
2003,0.330885
2004,0.335767
2005,0.339424
2006,0.328507
2007,0.343009
2008,0.349784
2009,0.341531
2010,0.345793
2011,0.332323
2012,0.334990
2013,0.333960
2014,0.336480
2015,0.338713
2016,0.336411
2017,0.335722
2018,0.338381
2019,0.341732
2020,0.336792
2021,0.336829
2022,0.343380
2023,0.331730
2024,0.339959
2025,0.334185
2026,0.330039
2027,0.337745
2028,0.344391
2029,0.348116
2030,0.347656
2031,0.339520
2032,0.344615
2033,0.334239
2034,0.343040
2035,0.343553
2036,0.339824
2037,0.353682
2038,0.344377
2039,0.347096
2040,0.342532
2041,0.342181
2042,0.337907
2043,0.345318
2044,0.349786
2045,0.357459
2046,0.352993
2047,0.354134
2048,0.355370
2049,0.360114
2050,0.350922
2051,0.346761
2052,0.352866
2053,0.359109
2054,0.361137
2055,0.348809
2056,0.356379
2057,0.363828
2058,0.355941
2059,0.351460
2060,0.352115
2061,0.354776
2062,0.351850
2063,0.343945
2064,0.349438
2065,0.346096
2066,0.358226
2067,0.352676
2068,0.350285
2069,0.358748
2070,0.352870
2071,0.353388
2072,0.360536
2073,0.349322
2074,0.359282
2075,0.341969
2076,0.354202
2077,0.363090
2078,0.350142
2079,0.355280
2080,0.356805
2081,0.345315
2082,0.353238
2083,0.352254
2084,0.351856
2085,0.354264
2086,0.369275
2087,0.362924
2088,0.348965
2089,0.355500
2090,0.370861
2091,0.358571
2092,0.371872
2093,0.367388
2094,0.364959
2095,0.364312
2096,0.362839
2097,0.361521
2098,0.375085
2099,0.360691
2100,0.369955
2101,0.370708
2102,0.362001
2103,0.370080
2104,0.375821
2105,0.371720
2106,0.380272
2107,0.381854
2108,0.383137
2109,0.381853
2110,0.389287
2111,0.384296
2112,0.391822
2113,0.383875
2114,0.383073
2115,0.379900
2116,0.391145
2117,0.387190
2118,0.393520
2119,0.394605
2120,0.388777
2121,0.380474
2122,0.383786
2123,0.371715
2124,0.370328
2125,0.369040
2126,0.369325
2127,0.373383
2128,0.371719
2129,0.380094
2130,0.376128
2131,0.378144
2132,0.379009
2133,0.379032
2134,0.373286
2135,0.377298
2136,0.376217
2137,0.374348
2138,0.385455
2139,0.370143
2140,0.370700
2141,0.371714
2142,0.356084
2143,0.367955
2144,0.367039
2145,0.361385
2146,0.370414
2147,0.357363
2148,0.362144
2149,0.362396
2150,0.361017
2151,0.372489
2152,0.370836
2153,0.367816
2154,0.374501
2155,0.367903
2156,0.384060
2157,0.374282
2158,0.374644
2159,0.386639
2160,0.379619
2161,0.376212
2162,0.378475
2163,0.382687
2164,0.368916
2165,0.367345
2166,0.370667
2167,0.366094
2168,0.384830
2169,0.369706
2170,0.367155
2171,0.372580
2172,0.374410
2173,0.365162
2174,0.368829
2175,0.373519
2176,0.368394
2177,0.381445
2178,0.378786
2179,0.373896
2180,0.382986
2181,0.374131
2182,0.385798
2183,0.376166
2184,0.380012
2185,0.391629
2186,0.385070
2187,0.393372
2188,0.393609
2189,0.386327
2190,0.380100
2191,0.386748
2192,0.375872
2193,0.369088
2194,0.388676
2195,0.373865
2196,0.367054
2197,0.374635
2198,0.364305
2199,0.374829
2200,0.361282
2201,0.380798
2202,0.376721
2203,0.369175
2204,0.382462
2205,0.381892
2206,0.381751
2207,0.373564
2208,0.366275
2209,0.367699
2210,0.372612
2211,0.375480
2212,0.364609
2213,0.362367
2214,0.374919
2215,0.376884
2216,0.374087
2217,0.385186
2218,0.369525
2219,0.379776
2220,0.368511
2221,0.375545
2222,0.375083
2223,0.372471
2224,0.371623
2225,0.379222
2226,0.366016
2227,0.368195
2228,0.377349
2229,0.354168
2230,0.360172
2231,0.358675
2232,0.361424
2233,0.360313
2234,0.367357
2235,0.358309
2236,0.351366
2237,0.356760
2238,0.361832
2239,0.375021
2240,0.365400
2241,0.370367
2242,0.366953
2243,0.373251
2244,0.370589
2245,0.375831
2246,0.368754
2247,0.374004
2248,0.375892
2249,0.369815
2250,0.378818
2251,0.373467
2252,0.370282
2253,0.373611
2254,0.372678
2255,0.369597
2256,0.373624
2257,0.362087
2258,0.373182
2259,0.373404
2260,0.369833
2261,0.364903
2262,0.375520
2263,0.364912
2264,0.365667
2265,0.366124
2266,0.369745
2267,0.365006
2268,0.376062
2269,0.364537
2270,0.373079
2271,0.360639
2272,0.368607
2273,0.363004
2274,0.360240
2275,0.362734
2276,0.371755
2277,0.366692
2278,0.366488
2279,0.357799
2280,0.355726
2281,0.366584
2282,0.355184
2283,0.358575
2284,0.359280
2285,0.361354
2286,0.357105
2287,0.355364
2288,0.364984
2289,0.367202
2290,0.367166
2291,0.356569
2292,0.356977
2293,0.356527
2294,0.358333
2295,0.364381
2296,0.369716
2297,0.368266
2298,0.369109
2299,0.360274
2300,0.362071
2301,0.364359
2302,0.364594
2303,0.364083
2304,0.353244
2305,0.359526
2306,0.357990
2307,0.363454
2308,0.360069
2309,0.354779
2310,0.353217
2311,0.352400
2312,0.352970
2313,0.348094
2314,0.356079
2315,0.354175
2316,0.363359
2317,0.366946
2318,0.359063
2319,0.357401
2320,0.352747
2321,0.353296
2322,0.356343
2323,0.356573
2324,0.372770
2325,0.357284
2326,0.370066
2327,0.355154
2328,0.354557
2329,0.355153
2330,0.358806
2331,0.357952
2332,0.352084
2333,0.351045
2334,0.360979
2335,0.370149
2336,0.357956
2337,0.364457
2338,0.370130
2339,0.363223
2340,0.366957
2341,0.367716
2342,0.363848
2343,0.364231
2344,0.361813
2345,0.361884
2346,0.357479
2347,0.364480
2348,0.358912
2349,0.361807
2350,0.360273
2351,0.367147
2352,0.366627
2353,0.360745
2354,0.363497
2355,0.361474
2356,0.357173
2357,0.361502
2358,0.366821
2359,0.363501
2360,0.359558
2361,0.352059
2362,0.360642
2363,0.361411
2364,0.356976
2365,0.361115
2366,0.346370
2367,0.352199
2368,0.346941
2369,0.353832
2370,0.355441
2371,0.355492
2372,0.357341
2373,0.346704
2374,0.356400
2375,0.355515
2376,0.360358
2377,0.355048
2378,0.369224
2379,0.357330
2380,0.358165
2381,0.360432
2382,0.355556
2383,0.361547
2384,0.362662
2385,0.364534
2386,0.362119
2387,0.364272
2388,0.362945
2389,0.361185
2390,0.355708
2391,0.362188
2392,0.364455
2393,0.365191
2394,0.364153
2395,0.349432
2396,0.364340
2397,0.352505
2398,0.341312
2399,0.354278
2400,0.346983
2401,0.353066
2402,0.354033
2403,0.360079
2404,0.349976
2405,0.351754
2406,0.355611
2407,0.364761
2408,0.350277
2409,0.358010
2410,0.363586
2411,0.360294
2412,0.357756
2413,0.360360
2414,0.358350
2415,0.363249
2416,0.371492
2417,0.361845
2418,0.350430
2419,0.361340
2420,0.361927
2421,0.350527
2422,0.359423
2423,0.356904
2424,0.361244
2425,0.367407
2426,0.381426
2427,0.368818
2428,0.357569
2429,0.363812
2430,0.362996
2431,0.360150
2432,0.359769
2433,0.377148
2434,0.363826
2435,0.359312
2436,0.361830
2437,0.361022
2438,0.366537
2439,0.361343
2440,0.361115
2441,0.351981
2442,0.365691
2443,0.360322
2444,0.347699
2445,0.349969
2446,0.351228
2447,0.356899
2448,0.357586
2449,0.354075
2450,0.362424
2451,0.364622
2452,0.361100
2453,0.360869
2454,0.361318
2455,0.364785
2456,0.371511
2457,0.354590
2458,0.368784
2459,0.359245
2460,0.365621
2461,0.360932
2462,0.361340
2463,0.356748
2464,0.349741
2465,0.349710
2466,0.350886
2467,0.367893
2468,0.360568
2469,0.363371
2470,0.367844
2471,0.351825
2472,0.367303
2473,0.367695
2474,0.356542
2475,0.366773
2476,0.361099
2477,0.368448
2478,0.355335
2479,0.372472
2480,0.361006
2481,0.353494
2482,0.357213
2483,0.369730
2484,0.358963
2485,0.356482
2486,0.355075
2487,0.353464
2488,0.361504
2489,0.367780
2490,0.358055
2491,0.352503
2492,0.359466
2493,0.359450
2494,0.351878
2495,0.359765
2496,0.357388
2497,0.359178
2498,0.365279
2499,0.350165
2500,0.350159
2501,0.347367
2502,0.348649
2503,0.343758
2504,0.363619
2505,0.353000
2506,0.341719
2507,0.345709
2508,0.340033
2509,0.343458
2510,0.349291
2511,0.355582
2512,0.359166
2513,0.350365
2514,0.345388
2515,0.346756
2516,0.355898
2517,0.350272
2518,0.343184
2519,0.347480
2520,0.354948
2521,0.339208
2522,0.355108
2523,0.340684
2524,0.332825
2525,0.338225
2526,0.338021
2527,0.330671
2528,0.339071
2529,0.333736
2530,0.321197
2531,0.327341
2532,0.326606
2533,0.328979
2534,0.324666
2535,0.324939
2536,0.329194
2537,0.318274
2538,0.316955
2539,0.325695
2540,0.321086
2541,0.330930
2542,0.322671
2543,0.321046
2544,0.322353
2545,0.319084
2546,0.321108
2547,0.322949
2548,0.318296
2549,0.315778
2550,0.319978
2551,0.310430
2552,0.318979
2553,0.319267
2554,0.313919
2555,0.318632
2556,0.312385
2557,0.306018
2558,0.308951
2559,0.308344
2560,0.310049
2561,0.299452
2562,0.297667
2563,0.287641
2564,0.299402
2565,0.280244
2566,0.289243
2567,0.284982
2568,0.294621
2569,0.279054
2570,0.279389
2571,0.287423
2572,0.285266
2573,0.281882
2574,0.281508
2575,0.287048
2576,0.276218
2577,0.280345
2578,0.279348
2579,0.260325
2580,0.268716
2581,0.267312
2582,0.278559
2583,0.263493
2584,0.268170
2585,0.262076
2586,0.266733
2587,0.277746
2588,0.264474
2589,0.266080
2590,0.266241
2591,0.256002
2592,0.260045
2593,0.267638
2594,0.264894
2595,0.261362
2596,0.251411
2597,0.249490
2598,0.260561
2599,0.254350
2600,0.248767
2601,0.250555
2602,0.255579
2603,0.248195
2604,0.245273
2605,0.245610
2606,0.235114
2607,0.235814
2608,0.236097
2609,0.236713
2610,0.224723
2611,0.237422
2612,0.231950
2613,0.229461
2614,0.226582
2615,0.233805
2616,0.227891
2617,0.236822
2618,0.222542
2619,0.219410
2620,0.235446
2621,0.222754
2622,0.226968
2623,0.212970
2624,0.225589
2625,0.218277
2626,0.224141
2627,0.210071
2628,0.218374
2629,0.214784
2630,0.224760
2631,0.212376
2632,0.202793
2633,0.216585
2634,0.203371
2635,0.211198
2636,0.212327
2637,0.199280
2638,0.200538
2639,0.198677
2640,0.203188
2641,0.200850
2642,0.197433
2643,0.198416
2644,0.189441
2645,0.183689
2646,0.199723
2647,0.193406
2648,0.187261
2649,0.183361
2650,0.185817
2651,0.188431
2652,0.182149
2653,0.179004
2654,0.182648
2655,0.182899
2656,0.184143
2657,0.163239
2658,0.177096
2659,0.171291
2660,0.170472
2661,0.160938
2662,0.156425
2663,0.156833
2664,0.159141
2665,0.168266
2666,0.154621
2667,0.156891
2668,0.150910
2669,0.152309
2670,0.144604
2671,0.145315
2672,0.150023
2673,0.148614
2674,0.141451
2675,0.141991
2676,0.144189
2677,0.138778
2678,0.142404
2679,0.133614
2680,0.137291
2681,0.126828
2682,0.144895
2683,0.130180
2684,0.139795
2685,0.134049
2686,0.142723
2687,0.142236
2688,0.131083
2689,0.130839
2690,0.139671
2691,0.128049
2692,0.131364
2693,0.120787
2694,0.121293
2695,0.127612
2696,0.133379
2697,0.129043
2698,0.120744
2699,0.122096
2700,0.122425
2701,0.121819
2702,0.109077
2703,0.111596
2704,0.119524
2705,0.108189
2706,0.118721
2707,0.125539
2708,0.118049
2709,0.117346
2710,0.119258
2711,0.117970
2712,0.122069
2713,0.114981
2714,0.125856
2715,0.106449
2716,0.104481
2717,0.114522
2718,0.106475
2719,0.100476
2720,0.108702
2721,0.108571
2722,0.104205
2723,0.109639
2724,0.106127
2725,0.102555
2726,0.102218
2727,0.089203
2728,0.090590
2729,0.100789
2730,0.100036
2731,0.095315
2732,0.098062
2733,0.089353
2734,0.087473
2735,0.092139
2736,0.089130
2737,0.081137
2738,0.085444
2739,0.085833
2740,0.097804
2741,0.085648
2742,0.081936
2743,0.080752
2744,0.083245
2745,0.084436
2746,0.081745
2747,0.091457
2748,0.076844
2749,0.089119
2750,0.079228
2751,0.081519
2752,0.075104
2753,0.079037
2754,0.077321
2755,0.069269
2756,0.077325
2757,0.084013
2758,0.079532
2759,0.074441
2760,0.067028
2761,0.070099
2762,0.074133
2763,0.077667
2764,0.076603
2765,0.068458
2766,0.074347
2767,0.082476
2768,0.070749
2769,0.081883
2770,0.081519
2771,0.074158
2772,0.078535
2773,0.081254
2774,0.073498
2775,0.071038
2776,0.076150
2777,0.077217
2778,0.066328
2779,0.076230
2780,0.066433
2781,0.069826
2782,0.068986
2783,0.067968
2784,0.068430
2785,0.072371
2786,0.069109
2787,0.071051
2788,0.063207
2789,0.069163
2790,0.064844
2791,0.067993
2792,0.064366
2793,0.067942
2794,0.057987
2795,0.059023
2796,0.060352
2797,0.054910
2798,0.052647
2799,0.060976
2800,0.054750
2801,0.054273
2802,0.043922
2803,0.048136
2804,0.052728
2805,0.048992
2806,0.044359
2807,0.053485
2808,0.060175
2809,0.043366
2810,0.053894
2811,0.055938
2812,0.050860
2813,0.057786
2814,0.050200
2815,0.056776
2816,0.058982
2817,0.048238
2818,0.057452
2819,0.056532
2820,0.053026
2821,0.057745
2822,0.064335
2823,0.061289
2824,0.052501
2825,0.054585
2826,0.056240
2827,0.052011
2828,0.058114
2829,0.047369
2830,0.058727
2831,0.064271
2832,0.057745
2833,0.054366
2834,0.055873
2835,0.058196
2836,0.048002
2837,0.049024
2838,0.051945
2839,0.058714
2840,0.051465
2841,0.059017
2842,0.058767
2843,0.057684
2844,0.056873
2845,0.050612
2846,0.064576
2847,0.053058
2848,0.055154
2849,0.053957
2850,0.059457
2851,0.050062
2852,0.054431
2853,0.055089
2854,0.052269
2855,0.057218
2856,0.059848
2857,0.056123
2858,0.051763
2859,0.044779
2860,0.058490
2861,0.050615
2862,0.053474
2863,0.054303
2864,0.055827
2865,0.054466
2866,0.059111
2867,0.053849
2868,0.052724
2869,0.059836
2870,0.056571
2871,0.052627
2872,0.045086
2873,0.056339
2874,0.055108
2875,0.053156
2876,0.054787
2877,0.053219
2878,0.044253
2879,0.044374
2880,0.040753
2881,0.041019
2882,0.042918
2883,0.037482
2884,0.041605
2885,0.045981
2886,0.036758
2887,0.043015
2888,0.031881
2889,0.039701
2890,0.039198
2891,0.031311
2892,0.033395
2893,0.031445
2894,0.044136
2895,0.031788
2896,0.035368
2897,0.032008
2898,0.030327
2899,0.042998
2900,0.039443
2901,0.039208
2902,0.042745
2903,0.044205
2904,0.046111
2905,0.043174
2906,0.047342
2907,0.046191
2908,0.049958
2909,0.050282
2910,0.046447
2911,0.045851
2912,0.051826
2913,0.058720
2914,0.059022
2915,0.052303
2916,0.054122
2917,0.062141
2918,0.053761
2919,0.054096
2920,0.052468
2921,0.055092
2922,0.053976
2923,0.070029
2924,0.053460
2925,0.046558
2926,0.059084
2927,0.057276
2928,0.055503
2929,0.040840
2930,0.059568
2931,0.061581
2932,0.054043
2933,0.053085
2934,0.051830
2935,0.046600
2936,0.047870
2937,0.055921
2938,0.050352
2939,0.047852
2940,0.058760
2941,0.055135
2942,0.045263
2943,0.046314
2944,0.046760
2945,0.050681
2946,0.056423
2947,0.038068
2948,0.048456
2949,0.038013
2950,0.035867
2951,0.044248
2952,0.035938
2953,0.046766
2954,0.042155
2955,0.040325
2956,0.046510
2957,0.038286
2958,0.037126
2959,0.044539
2960,0.049100
2961,0.036083
2962,0.049504
2963,0.041930
2964,0.042243
2965,0.043820
2966,0.039588
2967,0.049173
2968,0.050377
2969,0.041466
2970,0.052748
2971,0.055182
2972,0.044869
2973,0.053110
2974,0.046743
2975,0.044188
2976,0.053862
2977,0.052696
2978,0.055077
2979,0.042559
2980,0.040475
2981,0.049312
2982,0.056414
2983,0.054715
2984,0.043955
2985,0.049887
2986,0.037210
2987,0.047766
2988,0.049749
2989,0.043792
2990,0.037911
2991,0.048364
2992,0.043652
2993,0.046711
2994,0.044956
2995,0.047965
2996,0.037151
2997,0.045670
2998,0.052537
2999,0.056326
3000,0.053271
3001,0.051996
3002,0.051059
3003,0.048545
3004,0.053689
3005,0.061547
3006,0.045532
3007,0.051748
3008,0.059429
3009,0.047174
3010,0.065558
3011,0.049997
3012,0.052025
3013,0.066469
3014,0.058642
3015,0.056621
3016,0.051599
3017,0.062517
3018,0.058372
3019,0.060536
3020,0.068631
3021,0.065049
3022,0.068199
3023,0.067215
3024,0.074263
3025,0.079413
3026,0.077744
3027,0.067602
3028,0.074461
3029,0.074352
3030,0.071874
3031,0.081850
3032,0.081595
3033,0.088449
3034,0.082686
3035,0.089341
3036,0.088715
3037,0.099851
3038,0.099171
3039,0.093318
3040,0.091661
3041,0.085785
3042,0.093466
3043,0.097658
3044,0.083544
3045,0.089953
3046,0.093229
3047,0.095552
3048,0.090554
3049,0.089869
3050,0.094333
3051,0.088674
3052,0.091048
3053,0.089499
3054,0.090812
3055,0.091405
3056,0.086557
3057,0.089265
3058,0.094545
3059,0.099776
3060,0.089839
3061,0.102473
3062,0.092134
3063,0.094327
3064,0.106139
3065,0.105749
3066,0.097407
3067,0.102193
3068,0.098699
3069,0.099005
3070,0.104234
3071,0.098512
3072,0.098776
3073,0.101399
3074,0.102272
3075,0.092531
3076,0.092216
3077,0.098329
3078,0.108673
3079,0.098742
3080,0.103426
3081,0.101895
3082,0.109392
3083,0.108179
3084,0.116167
3085,0.101370
3086,0.104955
3087,0.099888
3088,0.111980
3089,0.104712
3090,0.110320
3091,0.114610
3092,0.115494
3093,0.119489
3094,0.117621
3095,0.110754
3096,0.110679
3097,0.111735
3098,0.117271
3099,0.128920
3100,0.108118
3101,0.113252
3102,0.119531
3103,0.123998
3104,0.123529
3105,0.118741
3106,0.118691
3107,0.124145
3108,0.125033
3109,0.127790
3110,0.123965
3111,0.126890
3112,0.128594
3113,0.126026
3114,0.125252
3115,0.128149
3116,0.129673
3117,0.128824
3118,0.131836
3119,0.131758
3120,0.127219
3121,0.136274
3122,0.131727
3123,0.133419
3124,0.130321
3125,0.132207
3126,0.131676
3127,0.131376
3128,0.136852
3129,0.151748
3130,0.139539
3131,0.152700
3132,0.143145
3133,0.155173
3134,0.147094
3135,0.152881
3136,0.150996
3137,0.163819
3138,0.151215
3139,0.152366
3140,0.163331
3141,0.155038
3142,0.169520
3143,0.170268
3144,0.168142
3145,0.167811
3146,0.182089
3147,0.170050
3148,0.180895
3149,0.189092
3150,0.188737
3151,0.197081
3152,0.200631
3153,0.186498
3154,0.211729
3155,0.191754
3156,0.196834
3157,0.204565
3158,0.206099
3159,0.210223
3160,0.208045
3161,0.204104
3162,0.208538
3163,0.205088
3164,0.217776
3165,0.212759
3166,0.228126
3167,0.225240
3168,0.230775
3169,0.233481
3170,0.234545
3171,0.236186
3172,0.238521
3173,0.245932
3174,0.249416
3175,0.238438
3176,0.256567
3177,0.248989
3178,0.249521
3179,0.260151
3180,0.263960
3181,0.256341
3182,0.260831
3183,0.253521
3184,0.261110
3185,0.264473
3186,0.257938
3187,0.261036
3188,0.263545
3189,0.275365
3190,0.267393
3191,0.270584
3192,0.266708
3193,0.272199
3194,0.283493
3195,0.273107
3196,0.274022
3197,0.281884
3198,0.275753
3199,0.287312
3200,0.279637
3201,0.284719
3202,0.286559
3203,0.270363
3204,0.283700
3205,0.286509
3206,0.304681
3207,0.299130
3208,0.298495
3209,0.298640
3210,0.307399
3211,0.297522
3212,0.307928
3213,0.299913
3214,0.307756
3215,0.299642
3216,0.299191
3217,0.317058
3218,0.306496
3219,0.318723
3220,0.325747
3221,0.326008
3222,0.323684
3223,0.325494
3224,0.320011
3225,0.335163
3226,0.308594
3227,0.329428
3228,0.313712
3229,0.323415
3230,0.337223
3231,0.328862
3232,0.325762
3233,0.329150
3234,0.328583
3235,0.329061
3236,0.338436
3237,0.342856
3238,0.347954
3239,0.345237
3240,0.350133
3241,0.349035
3242,0.348768
3243,0.344097
3244,0.346344
3245,0.332731
3246,0.337232
3247,0.348288
3248,0.345269
3249,0.337954
3250,0.351588
3251,0.349816
3252,0.348918
3253,0.360807
3254,0.355151
3255,0.361323
3256,0.358690
3257,0.354124
3258,0.357351
3259,0.366566
3260,0.367200
3261,0.374903
3262,0.372490
3263,0.366770
3264,0.364583
3265,0.368910
3266,0.367703
3267,0.363484
3268,0.353337
3269,0.368706
3270,0.357517
3271,0.372532
3272,0.365463
3273,0.373881
3274,0.379402
3275,0.368537
3276,0.377694
3277,0.375172
3278,0.375493
3279,0.371995
3280,0.377601
3281,0.378027
3282,0.375165
3283,0.378921
3284,0.377154
3285,0.392395
3286,0.387292
3287,0.388486
3288,0.373433
3289,0.376784
3290,0.375636
3291,0.376626
3292,0.376085
3293,0.368582
3294,0.384039
3295,0.376663
3296,0.384505
3297,0.374394
3298,0.381896
3299,0.382717
3300,0.387248
3301,0.385457
3302,0.392134
3303,0.388237
3304,0.384447
3305,0.375075
3306,0.393466
3307,0.385283
3308,0.386014
3309,0.393548
3310,0.395487
3311,0.384626
3312,0.386761
3313,0.389892
3314,0.373501
3315,0.378211
3316,0.387015
3317,0.379458
3318,0.386085
3319,0.384673
3320,0.389531
3321,0.381208
3322,0.382225
3323,0.383441
3324,0.403936
3325,0.396737
3326,0.396192
3327,0.399444
3328,0.403863
3329,0.400755
3330,0.404397
3331,0.396985
3332,0.388506
3333,0.377726
3334,0.382264
3335,0.381398
3336,0.383743
3337,0.379549
3338,0.389722
3339,0.379543
3340,0.383737
3341,0.393581
3342,0.385360
3343,0.400853
3344,0.401203
3345,0.389164
3346,0.399155
3347,0.399742
3348,0.400484
3349,0.385366
3350,0.398062
3351,0.392789
3352,0.388579
3353,0.381119
3354,0.399436
3355,0.389479
3356,0.383888
3357,0.385656
3358,0.386485
3359,0.390836
3360,0.379139
3361,0.384016
3362,0.400731
3363,0.379694
3364,0.386653
3365,0.390367
3366,0.396188
3367,0.406781
3368,0.397986
3369,0.395889
3370,0.402595
3371,0.398556
3372,0.400108
3373,0.395770
3374,0.393665
3375,0.391248
3376,0.387465
3377,0.396651
3378,0.392682
3379,0.381610
3380,0.386262
3381,0.382334
3382,0.385052
3383,0.388309
3384,0.384626
3385,0.388816
3386,0.392103
3387,0.395314
3388,0.393380
3389,0.400854
3390,0.401565
3391,0.402743
3392,0.393961
3393,0.397461
3394,0.395317
3395,0.395363
3396,0.405040
3397,0.393608
3398,0.406352
3399,0.400283
3400,0.401425
3401,0.406882
3402,0.406625
3403,0.397803
3404,0.391898
3405,0.405824
3406,0.394869
3407,0.385724
3408,0.398746
3409,0.393546
3410,0.395384
3411,0.404225
3412,0.407094
3413,0.396660
3414,0.410982
3415,0.396928
3416,0.405972
3417,0.409793
3418,0.419266
3419,0.390214
3420,0.400608
3421,0.411145
3422,0.416682
3423,0.405942
3424,0.411029
3425,0.409893
3426,0.402684
3427,0.400662
3428,0.409041
3429,0.406936
3430,0.406142
3431,0.403466
3432,0.409906
3433,0.402753
3434,0.405970
3435,0.409217
3436,0.414185
3437,0.418989
3438,0.414620
3439,0.412496
3440,0.409802
3441,0.415581
3442,0.407585
3443,0.418500
3444,0.425362
3445,0.413761
3446,0.408786
3447,0.408019
3448,0.405504
3449,0.407215
3450,0.395619
3451,0.397693
3452,0.400404
3453,0.404705
3454,0.387395
3455,0.390663
3456,0.395731
3457,0.400214
3458,0.389242
3459,0.396006
3460,0.407391
3461,0.415485
3462,0.407165
3463,0.399765
3464,0.403372
3465,0.408083
3466,0.403245
3467,0.412249
3468,0.404078
3469,0.405748
3470,0.394343
3471,0.397952
3472,0.400304
3473,0.391043
3474,0.392250
3475,0.405254
3476,0.383704
3477,0.410304
3478,0.398888
3479,0.397162
3480,0.395537
3481,0.392780
3482,0.399938
3483,0.404633
3484,0.398325
3485,0.399161
3486,0.410654
3487,0.393065
3488,0.408575
3489,0.396125
3490,0.404025
3491,0.398432
3492,0.401363
3493,0.397745
3494,0.400125
3495,0.390946
3496,0.401514
3497,0.393534
3498,0.395021
3499,0.380565
3500,0.395032
3501,0.395546
3502,0.397883
3503,0.408413
3504,0.407573
3505,0.409063
3506,0.395950
3507,0.399767
3508,0.407807
3509,0.417975
3510,0.403344
3511,0.402900
3512,0.402150
3513,0.412624
3514,0.397153
3515,0.411655
3516,0.411653
3517,0.398972
3518,0.402784
3519,0.391247
3520,0.393577
3521,0.390198
3522,0.389022
3523,0.398286
3524,0.399486
3525,0.402217
3526,0.411484
3527,0.404657
3528,0.398628
3529,0.404867
3530,0.408998
3531,0.405465
3532,0.408974
3533,0.402453
3534,0.411835
3535,0.417099
3536,0.410263
3537,0.403845
3538,0.410381
3539,0.412052
3540,0.401217
3541,0.387848
3542,0.403455
3543,0.407261
3544,0.391406
3545,0.396371
3546,0.392586
3547,0.398876
3548,0.398268
3549,0.399368
3550,0.392190
3551,0.410842
3552,0.411103
3553,0.407100
3554,0.403068
3555,0.416906
3556,0.401724
3557,0.412764
3558,0.410382
3559,0.412304
3560,0.414924
3561,0.408489
3562,0.410810
3563,0.411462
3564,0.397374
3565,0.402380
3566,0.396666
3567,0.402064
3568,0.397068
3569,0.402941
3570,0.390789
3571,0.401142
3572,0.412230
3573,0.404704
3574,0.409141
3575,0.408734
3576,0.420878
3577,0.409642
3578,0.408308
3579,0.401210
3580,0.406266
3581,0.407419
3582,0.416229
3583,0.418401
3584,0.406614
3585,0.408646
3586,0.415162
3587,0.403558
3588,0.403970
3589,0.406235
3590,0.391415
3591,0.395228
3592,0.402261
3593,0.393590
3594,0.390143
3595,0.407980
3596,0.392006
3597,0.399947
3598,0.402105
3599,0.415785
3600,0.406826
3601,0.404193
3602,0.412456
3603,0.418158
3604,0.404365
3605,0.407735
3606,0.419956
3607,0.405309
3608,0.400444
3609,0.401476
3610,0.411449
3611,0.396273
3612,0.408168
3613,0.396131
3614,0.394159
3615,0.392398
3616,0.398724
3617,0.398975
3618,0.393777
3619,0.393105
3620,0.397834
3621,0.397101
3622,0.397270
3623,0.399965
3624,0.401345
3625,0.397861
3626,0.404995
3627,0.412528
3628,0.404363
3629,0.398806
3630,0.396745
3631,0.403914
3632,0.392807
3633,0.401469
3634,0.393180
3635,0.384308
3636,0.396993
3637,0.392492
3638,0.406162
3639,0.400035
3640,0.385094
3641,0.388638
3642,0.390748
3643,0.390165
3644,0.396566
3645,0.403080
3646,0.395758
3647,0.401422
3648,0.393594
3649,0.395263
3650,0.390018
3651,0.403281
3652,0.395966
3653,0.397371
3654,0.402259
3655,0.394410
3656,0.405781
3657,0.405379
3658,0.394616
3659,0.400781
3660,0.393877
3661,0.398292
3662,0.404281
3663,0.386548
3664,0.397490
3665,0.397797
3666,0.382384
3667,0.394837
3668,0.390288
3669,0.391626
3670,0.400136
3671,0.393719
3672,0.385626
3673,0.395795
3674,0.405128
3675,0.395322
3676,0.387631
3677,0.399868
3678,0.389556
3679,0.391377
3680,0.394731
3681,0.388665
3682,0.401710
3683,0.381980
3684,0.382574
3685,0.386779
3686,0.385316
3687,0.386566
3688,0.384479
3689,0.378717
3690,0.384824
3691,0.387619
3692,0.382265
3693,0.393972
3694,0.391481
3695,0.379165
3696,0.395295
3697,0.394070
3698,0.394055
3699,0.394840
3700,0.399050
3701,0.390628
3702,0.401640
3703,0.401286
3704,0.401870
3705,0.401138
3706,0.399783
3707,0.398088
3708,0.401125
3709,0.403597
3710,0.400311
3711,0.397418
3712,0.400709
3713,0.404307
3714,0.398622
3715,0.392800
3716,0.398538
3717,0.395317
3718,0.384373
3719,0.395059
3720,0.378965
3721,0.387284
3722,0.388597
3723,0.379386
3724,0.388958
3725,0.384600
3726,0.374590
3727,0.386484
3728,0.368598
3729,0.369195
3730,0.368116
3731,0.371818
3732,0.368889
3733,0.364390
3734,0.374796
3735,0.365551
3736,0.363210
3737,0.360406
3738,0.360058
3739,0.355690
3740,0.345552
3741,0.358507
3742,0.358459
3743,0.361295
3744,0.349853
3745,0.339827
3746,0.346843
3747,0.335995
3748,0.348976
3749,0.328968
3750,0.326292
3751,0.319787
3752,0.322555
3753,0.319676
3754,0.318867
3755,0.326917
3756,0.318607
3757,0.322064
3758,0.309352
3759,0.314144
3760,0.312367
3761,0.304259
3762,0.314843
3763,0.289632
3764,0.306710
3765,0.294171
3766,0.288172
3767,0.298633
3768,0.297305
3769,0.294103
3770,0.301476
3771,0.285232
3772,0.279974
3773,0.284340
3774,0.277513
3775,0.280092
3776,0.281001
3777,0.270363
3778,0.271343
3779,0.280323
3780,0.265314
3781,0.259626
3782,0.272983
3783,0.262886
3784,0.270214
3785,0.259292
3786,0.254660
3787,0.259970
3788,0.262568
3789,0.263677
3790,0.249656
3791,0.240053
3792,0.249938
3793,0.249534
3794,0.253206
3795,0.241409
3796,0.235602
3797,0.241553
3798,0.225590
3799,0.232479
3800,0.233536
3801,0.230746
3802,0.234342
3803,0.242096
3804,0.242260
3805,0.221290
3806,0.229723
3807,0.218982
3808,0.226207
3809,0.224442
3810,0.216500
3811,0.206329
3812,0.214755
3813,0.206694
3814,0.208253
3815,0.210111
3816,0.202059
3817,0.198156
3818,0.207151
3819,0.198526
3820,0.198130
3821,0.201306
3822,0.194188
3823,0.192539
3824,0.187120
3825,0.181831
3826,0.175012
3827,0.178694
3828,0.170836
3829,0.176477
3830,0.157706
3831,0.172313
3832,0.158334
3833,0.160905
3834,0.155484
3835,0.149744
3836,0.165815
3837,0.156847
3838,0.150143
3839,0.153173
3840,0.158237
3841,0.148509
3842,0.147465
3843,0.148004
3844,0.142176
3845,0.131964
3846,0.133433
3847,0.139139
3848,0.136960
3849,0.138724
3850,0.133876
3851,0.128878
3852,0.126292
3853,0.126931
3854,0.125393
3855,0.130621
3856,0.116864
3857,0.139781
3858,0.129359
3859,0.113219
3860,0.122867
3861,0.123039
3862,0.124963
3863,0.118181
3864,0.114351
3865,0.108460
3866,0.113007
3867,0.112637
3868,0.106492
3869,0.102243
3870,0.104147
3871,0.101528
3872,0.105526
3873,0.098504
3874,0.104555
3875,0.100322
3876,0.095658
3877,0.084670
3878,0.090710
3879,0.092782
3880,0.083783
3881,0.086020
3882,0.084508
3883,0.072892
3884,0.086532
3885,0.073876
3886,0.082098
3887,0.071875
3888,0.066959
3889,0.068263
3890,0.067525
3891,0.065671
3892,0.061743
3893,0.059794
3894,0.068249
3895,0.064098
3896,0.073428
3897,0.058712
3898,0.057402
3899,0.055927
3900,0.045967
3901,0.049845
3902,0.048444
3903,0.049341
3904,0.043928
3905,0.048583
3906,0.049755
3907,0.049582
3908,0.038851
3909,0.043155
3910,0.041565
3911,0.039289
3912,0.048550
3913,0.036668
3914,0.035757
3915,0.041749
3916,0.039046
3917,0.034712
3918,0.026168
3919,0.038630
3920,0.034819
3921,0.021188
3922,0.029396
3923,0.030178
3924,0.026653
3925,0.021006
3926,0.027069
3927,0.025562
3928,0.022141
3929,0.030608
3930,0.014157
3931,0.013581
3932,0.015101
3933,0.008651
3934,0.014470
3935,0.006821
3936,0.012125
3937,0.016609
3938,0.011093
3939,0.002701
3940,0.000371
3941,0.011795
3942,0.008622
3943,0.003792
3944,-0.000517
3945,0.001266
3946,0.003781
3947,-0.002906
3948,-0.005533
3949,-0.002841
3950,-0.000481
3951,-0.008033
3952,-0.010310
3953,0.001105
3954,-0.006950
3955,-0.015180
3956,-0.015055
3957,-0.012928
3958,-0.013949
3959,-0.007085
3960,-0.014222
3961,-0.016248
3962,-0.010727
3963,-0.019989
3964,-0.015698
3965,-0.019851
3966,-0.021523
3967,-0.024118
3968,-0.025849
3969,-0.025873
3970,-0.028155
3971,-0.031824
3972,-0.016487
3973,-0.031953
3974,-0.031054
3975,-0.035862
3976,-0.040181
3977,-0.027313
3978,-0.037123
3979,-0.039453
3980,-0.032940
3981,-0.044268
3982,-0.033933
3983,-0.040798
3984,-0.037304
3985,-0.042991
3986,-0.040481
3987,-0.043272
3988,-0.042918
3989,-0.050689
3990,-0.039809
3991,-0.044245
3992,-0.048044
3993,-0.041069
3994,-0.044717
3995,-0.051066
3996,-0.052161
3997,-0.041066
3998,-0.050878
3999,-0.058761
4000,-0.050894
4001,-0.057230
4002,-0.058814
4003,-0.049518
4004,-0.059658
4005,-0.058870
4006,-0.059163
4007,-0.060382
4008,-0.053477
4009,-0.065409
4010,-0.065315
4011,-0.066935
4012,-0.065308
4013,-0.071790
4014,-0.073518
4015,-0.060748
4016,-0.062493
4017,-0.068768
4018,-0.073171
4019,-0.071488
4020,-0.072950
4021,-0.077784
4022,-0.073594
4023,-0.071153
4024,-0.075356
4025,-0.081773
4026,-0.075376
4027,-0.075947
4028,-0.074921
4029,-0.080597
4030,-0.075094
4031,-0.081128
4032,-0.082156
4033,-0.078089
4034,-0.072360
4035,-0.078655
4036,-0.086895
4037,-0.079567
4038,-0.074394
4039,-0.081385
4040,-0.085463
4041,-0.082617
4042,-0.086294
4043,-0.085944
4044,-0.085113
4045,-0.083965
4046,-0.090244
4047,-0.092019
4048,-0.093251
4049,-0.079587
4050,-0.093672
4051,-0.093001
4052,-0.091556
4053,-0.096548
4054,-0.087663
4055,-0.100306
4056,-0.093168
4057,-0.093334
4058,-0.100605
4059,-0.097941
4060,-0.101283
4061,-0.101817
4062,-0.090992
4063,-0.099469
4064,-0.097663
4065,-0.090525
4066,-0.103629
4067,-0.095857
4068,-0.100481
4069,-0.101445
4070,-0.097265
4071,-0.094659
4072,-0.097117
4073,-0.105672
4074,-0.098543
4075,-0.103999
4076,-0.117640
4077,-0.107601
4078,-0.108506
4079,-0.105222
4080,-0.113727
4081,-0.105571
4082,-0.107083
4083,-0.118516
4084,-0.111722
4085,-0.113319
4086,-0.106536
4087,-0.114814
4088,-0.104480
4089,-0.107576
4090,-0.110276
4091,-0.105208
4092,-0.109316
4093,-0.106715
4094,-0.108332
4095,-0.116822
4096,-0.113035
4097,-0.119068
4098,-0.121473
4099,-0.118703
4100,-0.103095
4101,-0.119710
4102,-0.115658
4103,-0.122857
4104,-0.122155
4105,-0.109322
4106,-0.115949
4107,-0.117346
4108,-0.124819
4109,-0.117462
4110,-0.120180
4111,-0.121582
4112,-0.115087
4113,-0.115068
4114,-0.121620
4115,-0.118781
4116,-0.120050
4117,-0.114360
4118,-0.118024
4119,-0.109773
4120,-0.112144
4121,-0.122625
4122,-0.115220
4123,-0.120882
4124,-0.107163
4125,-0.113964
4126,-0.110421
4127,-0.117595
4128,-0.114122
4129,-0.109991
4130,-0.111695
4131,-0.123149
4132,-0.121009
4133,-0.112860
4134,-0.114963
4135,-0.106778
4136,-0.116948
4137,-0.113482
4138,-0.116500
4139,-0.119902
4140,-0.117191
4141,-0.114917
4142,-0.121842
4143,-0.117919
4144,-0.123972
4145,-0.112248
4146,-0.111268
4147,-0.115218
4148,-0.120290
4149,-0.117280
4150,-0.114995
4151,-0.119176
4152,-0.120864
4153,-0.122014
4154,-0.124199
4155,-0.126419
4156,-0.126744
4157,-0.106484
4158,-0.111158
4159,-0.118528
4160,-0.118685
4161,-0.113907
4162,-0.114544
4163,-0.121509
4164,-0.115462
4165,-0.110473
4166,-0.109544
4167,-0.104315
4168,-0.107207
4169,-0.100817
4170,-0.115107
4171,-0.113648
4172,-0.109347
4173,-0.103800
4174,-0.109332
4175,-0.111104
4176,-0.104765
4177,-0.103715
4178,-0.103279
4179,-0.098159
4180,-0.109655
4181,-0.100327
4182,-0.104420
4183,-0.096893
4184,-0.103773
4185,-0.100115
4186,-0.101869
4187,-0.098904
4188,-0.102408
4189,-0.092910
4190,-0.099235
4191,-0.096383
4192,-0.106660
4193,-0.100581
4194,-0.093456
4195,-0.089783
4196,-0.087486
4197,-0.102652
4198,-0.092916
4199,-0.088746
4200,-0.097789
4201,-0.095927
4202,-0.095925
4203,-0.091235
4204,-0.095263
4205,-0.098458
4206,-0.089921
4207,-0.096330
4208,-0.085563
4209,-0.086948
4210,-0.092612
4211,-0.095300
4212,-0.089373
4213,-0.093381
4214,-0.084224
4215,-0.087310
4216,-0.087613
4217,-0.096798
4218,-0.086247
4219,-0.085038
4220,-0.090911
4221,-0.081253
4222,-0.082576
4223,-0.080003
4224,-0.091257
4225,-0.081034
4226,-0.088988
4227,-0.092368
4228,-0.077802
4229,-0.078194
4230,-0.085781
4231,-0.087641
4232,-0.077941
4233,-0.088602
4234,-0.081239
4235,-0.082478
4236,-0.089891
4237,-0.077967
4238,-0.076230
4239,-0.079722
4240,-0.080661
4241,-0.078180
4242,-0.081251
4243,-0.078879
4244,-0.083302
4245,-0.084169
4246,-0.074428
4247,-0.075282
4248,-0.073430
4249,-0.085232
4250,-0.074767
4251,-0.073886
4252,-0.079788
4253,-0.063914
4254,-0.083565
4255,-0.069365
4256,-0.073416
4257,-0.076944
4258,-0.082486
4259,-0.077441
4260,-0.066845
4261,-0.066345
4262,-0.068318
4263,-0.060417
4264,-0.067062
4265,-0.064676
4266,-0.066626
4267,-0.065328
4268,-0.061005
4269,-0.061623
4270,-0.063852
4271,-0.066100
4272,-0.068365
4273,-0.063361
4274,-0.057123
4275,-0.071745
4276,-0.056331
4277,-0.069544
4278,-0.064507
4279,-0.047300
4280,-0.065135
4281,-0.056243
4282,-0.055996
4283,-0.052152
4284,-0.047007
4285,-0.050019
4286,-0.046918
4287,-0.046527
4288,-0.052619
4289,-0.040680
4290,-0.041308
4291,-0.040428
4292,-0.048076
4293,-0.043138
4294,-0.038562
4295,-0.031357
4296,-0.034083
4297,-0.040316
4298,-0.040631
4299,-0.035790
4300,-0.031751
4301,-0.043995
4302,-0.031250
4303,-0.023496
4304,-0.026157
4305,-0.025193
4306,-0.026727
4307,-0.020071
4308,-0.019746
4309,-0.016593
4310,-0.035436
4311,-0.024270
4312,-0.011420
4313,-0.014372
4314,-0.020519
4315,-0.018825
4316,-0.009218
4317,-0.018689
4318,-0.012246
4319,-0.010503
4320,-0.011362
4321,-0.011224
4322,-0.009836
4323,-0.001856
4324,0.007806
4325,0.000634
4326,0.003534
4327,0.006406
4328,0.010743
4329,0.018361
4330,0.012180
4331,0.015173
4332,0.022986
4333,0.022958
4334,0.027333
4335,0.019018
4336,0.026317
4337,0.028040
4338,0.033716
4339,0.054967
4340,0.051093
4341,0.052834
4342,0.056236
4343,0.043923
4344,0.058457
4345,0.057087
4346,0.058918
4347,0.062383
4348,0.071599
4349,0.069530
4350,0.082255
4351,0.078361
4352,0.081248
4353,0.087163
4354,0.078696
4355,0.086975
4356,0.093571
4357,0.099335
4358,0.095285
4359,0.096368
4360,0.108205
4361,0.099221
4362,0.113273
4363,0.114364
4364,0.120016
4365,0.126945
4366,0.134432
4367,0.130554
4368,0.146631
4369,0.144010
4370,0.157832
4371,0.147488
4372,0.154669
4373,0.165804
4374,0.170373
4375,0.157903
4376,0.166813
4377,0.167151
4378,0.174099
4379,0.167669
4380,0.182705
4381,0.176122
4382,0.187290
4383,0.193252
4384,0.193150
4385,0.196848
4386,0.189549
4387,0.205842
4388,0.195250
4389,0.209778
4390,0.212684
4391,0.219392
4392,0.225123
4393,0.217730
4394,0.218050
4395,0.222640
4396,0.228664
4397,0.225160
4398,0.238300
4399,0.234953
4400,0.236584
4401,0.249011
4402,0.235238
4403,0.256466
4404,0.256741
4405,0.262201
4406,0.256370
4407,0.257151
4408,0.261572
4409,0.257470
4410,0.270914
4411,0.261737
4412,0.255942
4413,0.284104
4414,0.280519
4415,0.282226
4416,0.289490
4417,0.288765
4418,0.294801
4419,0.301757
4420,0.297359
4421,0.304826
4422,0.297771
4423,0.295502
4424,0.305010
4425,0.299886
4426,0.306650
4427,0.306327
4428,0.300495
4429,0.310032
4430,0.314177
4431,0.313870
4432,0.314253
4433,0.313686
4434,0.310565
4435,0.315145
4436,0.318468
4437,0.316003
4438,0.325714
4439,0.325902
4440,0.334742
4441,0.330837
4442,0.337679
4443,0.332992
4444,0.335117
4445,0.347637
4446,0.344377
4447,0.334175
4448,0.356442
4449,0.342899
4450,0.350026
4451,0.340860
4452,0.339572
4453,0.337889
4454,0.342978
4455,0.343155
4456,0.348874
4457,0.353678
4458,0.334099
4459,0.346352
4460,0.350057
4461,0.339994
4462,0.359669
4463,0.359041
4464,0.347908
4465,0.345586
4466,0.361680
4467,0.369907
4468,0.359962
4469,0.357231
4470,0.364394
4471,0.359904
4472,0.358568
4473,0.366252
4474,0.359768
4475,0.372095
4476,0.356667
4477,0.360775
4478,0.374204
4479,0.366063
4480,0.361954
4481,0.369033
4482,0.359243
4483,0.368737
4484,0.361057
4485,0.361849
4486,0.373346
4487,0.370486
4488,0.384595
4489,0.380680
4490,0.365628
4491,0.380511
4492,0.381467
4493,0.393522
4494,0.387045
4495,0.382260
4496,0.387452
4497,0.389705
4498,0.373342
4499,0.387290
4500,0.389314
4501,0.380572
4502,0.386111
4503,0.363412
4504,0.382456
4505,0.400956
4506,0.387775
4507,0.395788
4508,0.375666
4509,0.392039
4510,0.390495
4511,0.379668
4512,0.389613
4513,0.393559
4514,0.388021
4515,0.395982
4516,0.386947
4517,0.382041
4518,0.383701
4519,0.391650
4520,0.388256
4521,0.405237
4522,0.395289
4523,0.412629
4524,0.402039
4525,0.409361
4526,0.401102
4527,0.395611
4528,0.404825
4529,0.393452
4530,0.406823
4531,0.407861
4532,0.400349
4533,0.401956
4534,0.397918
4535,0.388506
4536,0.392384
4537,0.391377
4538,0.400109
4539,0.399937
4540,0.409955
4541,0.402478
4542,0.396553
4543,0.401396
4544,0.398497
4545,0.403899
4546,0.403292
4547,0.406075
4548,0.400473
4549,0.403051
4550,0.406567
4551,0.412027
4552,0.423524
4553,0.411500
4554,0.413082
4555,0.407481
4556,0.406050
4557,0.410380
4558,0.413071
4559,0.404114
4560,0.406957
4561,0.417117
4562,0.423647
4563,0.412033
4564,0.406208
4565,0.402990
4566,0.404348
4567,0.406488
4568,0.410391
4569,0.412651
4570,0.407252
4571,0.401747
4572,0.414299
4573,0.408001
4574,0.407390
4575,0.409744
4576,0.414351
4577,0.436262
4578,0.417986
4579,0.411150
4580,0.421022
4581,0.417322
4582,0.419319
4583,0.415662
4584,0.413650
4585,0.418162
4586,0.419871
4587,0.419182
4588,0.423626
4589,0.409553
4590,0.437093
4591,0.432136
4592,0.426257
4593,0.426561
4594,0.431976
4595,0.421588
4596,0.421961
4597,0.420849
4598,0.418928
4599,0.423522
4600,0.422738
4601,0.433794
4602,0.441514
4603,0.425819
4604,0.425465
4605,0.436194
4606,0.417373
4607,0.427012
4608,0.422062
4609,0.415847
4610,0.425217
4611,0.417317
4612,0.419672
4613,0.414953
4614,0.409990
4615,0.411017
4616,0.418297
4617,0.420530
4618,0.406167
4619,0.413645
4620,0.425127
4621,0.411312
4622,0.416965
4623,0.414321
4624,0.420724
4625,0.421173
4626,0.415142
4627,0.423960
4628,0.430151
4629,0.425952
4630,0.425314
4631,0.416539
4632,0.420353
4633,0.424202
4634,0.411957
4635,0.425660
4636,0.424343
4637,0.419656
4638,0.419394
4639,0.423070
4640,0.425095
4641,0.421008
4642,0.417130
4643,0.427304
4644,0.413730
4645,0.421289
4646,0.411548
4647,0.412069
4648,0.407727
4649,0.410390
4650,0.415437
4651,0.426197
4652,0.419541
4653,0.411662
4654,0.409240
4655,0.419387
4656,0.414746
4657,0.417967
4658,0.430690
4659,0.423105
4660,0.435457
4661,0.435992
4662,0.425856
4663,0.425585
4664,0.431204
4665,0.435767
4666,0.432940
4667,0.425236
4668,0.429144
4669,0.437664
4670,0.432071
4671,0.423712
4672,0.421564
4673,0.428958
4674,0.433140
4675,0.427902
4676,0.426299
4677,0.429169
4678,0.438484
4679,0.423681
4680,0.428701
4681,0.447823
4682,0.433835
4683,0.430264
4684,0.433983
4685,0.435479
4686,0.437161
4687,0.431117
4688,0.429196
4689,0.435931
4690,0.433724
4691,0.432667
4692,0.442867
4693,0.444716
4694,0.440113
4695,0.441409
4696,0.442432
4697,0.439688
4698,0.435334
4699,0.433484
4700,0.429624
4701,0.450020
4702,0.441968
4703,0.442370
4704,0.445321
4705,0.443222
4706,0.437728
4707,0.431891
4708,0.429055
4709,0.433819
4710,0.438458
4711,0.433296
4712,0.452016
4713,0.438695
4714,0.449197
4715,0.433977
4716,0.429730
4717,0.435994
4718,0.450064
4719,0.434383
4720,0.450202
4721,0.442909
4722,0.450445
4723,0.446049
4724,0.445228
4725,0.450919
4726,0.446690
4727,0.452028
4728,0.446118
4729,0.450790
4730,0.443642
4731,0.448586
4732,0.450990
4733,0.437277
4734,0.441186
4735,0.457267
4736,0.448506
4737,0.445571
4738,0.442486
4739,0.447162
4740,0.444692
4741,0.440902
4742,0.453784
4743,0.438499
4744,0.449713
4745,0.445944
4746,0.446696
4747,0.445540
4748,0.451245
4749,0.458567
4750,0.432754
4751,0.452848
4752,0.447755
4753,0.456637
4754,0.448615
4755,0.455713
4756,0.444785
4757,0.435884
4758,0.442423
4759,0.449295
4760,0.440600
4761,0.452327
4762,0.447894
4763,0.448191
4764,0.451732
4765,0.440427
4766,0.444896
4767,0.454854
4768,0.444935
4769,0.448134
4770,0.449977
4771,0.451413
4772,0.449442
4773,0.441165
4774,0.462962
4775,0.446925
4776,0.449176
4777,0.454084
4778,0.462608
4779,0.454265
4780,0.452695
4781,0.456577
4782,0.449223
4783,0.451013
4784,0.448257
4785,0.443229
4786,0.449900
4787,0.460552
4788,0.456548
4789,0.452166
4790,0.444703
4791,0.443235
4792,0.444691
4793,0.445711
4794,0.443300
4795,0.440344
4796,0.447997
4797,0.436886
4798,0.445189
4799,0.438554
4800,0.440477
4801,0.446050
4802,0.445590
4803,0.448268
4804,0.449661
4805,0.462905
4806,0.447475
4807,0.441953
4808,0.449621
4809,0.443072
4810,0.441195
4811,0.452838
4812,0.453079
4813,0.446327
4814,0.457108
4815,0.452033
4816,0.453409
4817,0.460127
4818,0.449603
4819,0.452287
4820,0.436051
4821,0.449439
4822,0.445291
4823,0.453764
4824,0.458634
4825,0.457704
4826,0.446519
4827,0.452790
4828,0.443855
4829,0.469904
4830,0.444745
4831,0.448624
4832,0.437617
4833,0.439674
4834,0.443356
4835,0.450973
4836,0.428031
4837,0.438329
4838,0.437555
4839,0.439798
4840,0.432154
4841,0.442469
4842,0.440826
4843,0.451095
4844,0.439715
4845,0.443000
4846,0.443305
4847,0.441678
4848,0.444420
4849,0.441266
4850,0.441326
4851,0.443749
4852,0.442604
4853,0.444948
4854,0.445854
4855,0.451060
4856,0.439186
4857,0.452552
4858,0.444931
4859,0.435793
4860,0.445414
4861,0.444291
4862,0.436812
4863,0.447289
4864,0.442871
4865,0.445154
4866,0.445733
4867,0.444570
4868,0.439907
4869,0.442637
4870,0.435189
4871,0.439775
4872,0.437522
4873,0.455100
4874,0.430907
4875,0.438689
4876,0.435388
4877,0.442557
4878,0.429577
4879,0.430793
4880,0.435042
4881,0.435696
4882,0.436331
4883,0.421221
4884,0.425377
4885,0.427189
4886,0.422690
4887,0.428825
4888,0.428346
4889,0.424783
4890,0.429608
4891,0.431773
4892,0.430950
4893,0.421585
4894,0.426988
4895,0.423236
4896,0.431871
4897,0.446157
4898,0.427351
4899,0.431511
4900,0.435058
4901,0.412524
4902,0.430757
4903,0.422498
4904,0.430400
4905,0.430072
4906,0.439234
4907,0.437894
4908,0.433470
4909,0.435283
4910,0.429122
4911,0.428840
4912,0.439523
4913,0.430998
4914,0.440234
4915,0.428858
4916,0.433675
4917,0.427295
4918,0.411492
4919,0.438173
4920,0.422740
4921,0.422339
4922,0.431233
4923,0.432468
4924,0.419159
4925,0.423933
4926,0.426056
4927,0.419149
4928,0.407775
4929,0.422725
4930,0.416422
4931,0.426364
4932,0.428333
4933,0.428207
4934,0.421236
4935,0.425449
4936,0.421163
4937,0.428637
4938,0.427142
4939,0.417514
4940,0.413280
4941,0.414743
4942,0.416152
4943,0.417921
4944,0.397554
4945,0.395894
4946,0.398299
4947,0.405463
4948,0.398647
4949,0.393395
4950,0.402349
4951,0.394827
4952,0.398980
4953,0.399143
4954,0.399067
4955,0.388766
4956,0.392266
4957,0.377184
4958,0.368539
4959,0.368226
4960,0.373771
4961,0.373713
4962,0.362326
4963,0.360305
4964,0.347336
4965,0.354998
4966,0.359021
4967,0.350490
4968,0.353931
4969,0.347560
4970,0.352872
4971,0.331598
4972,0.344735
4973,0.329387
4974,0.340193
4975,0.326775
4976,0.327613
4977,0.329924
4978,0.314063
4979,0.320832
4980,0.311287
4981,0.322094
4982,0.315347
4983,0.314834
4984,0.307751
4985,0.296724
4986,0.297479
4987,0.292514
4988,0.279787
4989,0.293363
4990,0.297765
4991,0.283949
4992,0.286074
4993,0.289949
4994,0.284585
4995,0.277978
4996,0.282068
4997,0.273764
4998,0.267924
4999,0.269394
5000,0.261595
5001,0.252861
5002,0.249780
5003,0.254144
5004,0.255596
5005,0.251469
5006,0.245898
5007,0.251021
5008,0.241456
5009,0.245298
5010,0.237516
5011,0.223706
5012,0.225640
5013,0.221128
5014,0.229434
5015,0.222550
5016,0.228703
5017,0.220035
5018,0.222113
5019,0.221286
5020,0.218608
5021,0.208766
5022,0.207404
5023,0.197375
5024,0.201844
5025,0.199930
5026,0.192750
5027,0.198302
5028,0.184440
5029,0.178551
5030,0.184499
5031,0.180806
5032,0.180366
5033,0.173841
5034,0.171777
5035,0.173680
5036,0.183322
5037,0.166844
5038,0.171959
5039,0.159125
5040,0.158443
5041,0.152802
5042,0.157982
5043,0.158254
5044,0.146326
5045,0.156614
5046,0.146094
5047,0.143338
5048,0.143118
5049,0.137025
5050,0.130615
5051,0.133686
5052,0.129199
5053,0.122753
5054,0.125480
5055,0.107952
5056,0.117305
5057,0.108326
5058,0.108893
5059,0.113994
5060,0.102761
5061,0.106108
5062,0.109185
5063,0.101637
5064,0.099396
5065,0.098404
5066,0.091785
5067,0.091651
5068,0.087647
5069,0.086026
5070,0.079349
5071,0.076293
5072,0.073266
5073,0.074413
5074,0.077434
5075,0.064278
5076,0.067647
5077,0.066270
5078,0.056644
5079,0.060575
5080,0.052614
5081,0.052954
5082,0.046305
5083,0.049133
5084,0.041402
5085,0.042089
5086,0.045900
5087,0.031554
5088,0.023164
5089,0.036574
5090,0.031173
5091,0.034979
5092,0.015068
5093,0.030844
5094,0.028723
5095,0.016791
5096,0.006893
5097,0.004405
5098,0.012594
5099,0.006845
5100,0.006428
5101,-0.011360
5102,0.006537
5103,0.005852
5104,-0.000556
5105,0.000059
5106,-0.013746
5107,-0.006061
5108,0.000780
5109,-0.013656
5110,-0.016278
5111,-0.012221
5112,-0.018835
5113,-0.027939
5114,-0.018139
5115,-0.018455
5116,-0.024124
5117,-0.031150
5118,-0.036851
5119,-0.029709
5120,-0.040192
5121,-0.033344
5122,-0.042038
5123,-0.040243
5124,-0.039299
5125,-0.048259
5126,-0.050439
5127,-0.049671
5128,-0.054084
5129,-0.047087
5130,-0.059061
5131,-0.059050
5132,-0.052615
5133,-0.070228
5134,-0.049592
5135,-0.060380
5136,-0.065535
5137,-0.065869
5138,-0.059984
5139,-0.061621
5140,-0.062526
5141,-0.063971
5142,-0.059904
5143,-0.082901
5144,-0.074043
5145,-0.080093
5146,-0.074723
5147,-0.086481
5148,-0.084087
5149,-0.082297
5150,-0.088480
5151,-0.088358
5152,-0.090496
5153,-0.088959
5154,-0.089463
5155,-0.083436
5156,-0.088996
5157,-0.094220
5158,-0.095852
5159,-0.095035
5160,-0.095203
5161,-0.094905
5162,-0.099627
5163,-0.098691
5164,-0.101998
5165,-0.097682
5166,-0.106150
5167,-0.105220
5168,-0.112113
5169,-0.115033
5170,-0.107852
5171,-0.103729
5172,-0.109614
5173,-0.117767
5174,-0.121827
5175,-0.114487
5176,-0.116237
5177,-0.123574
5178,-0.120601
5179,-0.116461
5180,-0.118469
5181,-0.120794
5182,-0.128667
5183,-0.118333
5184,-0.120589
5185,-0.127062
5186,-0.115918
5187,-0.117873
5188,-0.133922
5189,-0.120041
5190,-0.118378
5191,-0.126107
5192,-0.127156
5193,-0.127117
5194,-0.129774
5195,-0.136561
5196,-0.134276
5197,-0.132643
5198,-0.134982
5199,-0.136473
5200,-0.144434
5201,-0.147320
5202,-0.143646
5203,-0.138018
5204,-0.145377
5205,-0.146288
5206,-0.144687
5207,-0.141392
5208,-0.146621
5209,-0.138387
5210,-0.151706
5211,-0.158932
5212,-0.145963
5213,-0.151332
5214,-0.156278
5215,-0.151539
5216,-0.148596
5217,-0.150254
5218,-0.151620
5219,-0.157583
5220,-0.154648
5221,-0.159282
5222,-0.159448
5223,-0.161093
5224,-0.158145
5225,-0.161570
5226,-0.166092
5227,-0.156436
5228,-0.165873
5229,-0.156160
5230,-0.162242
5231,-0.165390
5232,-0.168344
5233,-0.167651
5234,-0.156247
5235,-0.162777
5236,-0.171772
5237,-0.171836
5238,-0.176698
5239,-0.177046
5240,-0.166449
5241,-0.163487
5242,-0.171751
5243,-0.167638
5244,-0.173251
5245,-0.179860
5246,-0.167959
5247,-0.177348
5248,-0.173897
5249,-0.178138
5250,-0.177685
5251,-0.172060
5252,-0.180406
5253,-0.170630
5254,-0.184353
5255,-0.180487
5256,-0.179680
5257,-0.183660
5258,-0.181123
5259,-0.195053
5260,-0.176432
5261,-0.181378
5262,-0.186967
5263,-0.194529
5264,-0.184926
5265,-0.185714
5266,-0.187893
5267,-0.181196
5268,-0.185251
5269,-0.186745
5270,-0.190292
5271,-0.186008
5272,-0.189283
5273,-0.182697
5274,-0.186998
5275,-0.184788
5276,-0.185571
5277,-0.187223
5278,-0.194968
5279,-0.183637
5280,-0.185680
5281,-0.186927
5282,-0.189874
5283,-0.192659
5284,-0.185640
5285,-0.181811
5286,-0.190826
5287,-0.193911
5288,-0.188646
5289,-0.200470
5290,-0.198304
5291,-0.195442
5292,-0.194671
5293,-0.190032
5294,-0.188383
5295,-0.182813
5296,-0.194187
5297,-0.194824
5298,-0.194749
5299,-0.203587
5300,-0.192599
5301,-0.193101
5302,-0.198261
5303,-0.197138
5304,-0.201391
5305,-0.200205
5306,-0.197372
5307,-0.202832
5308,-0.192962
5309,-0.195362
5310,-0.206654
5311,-0.208003
5312,-0.202696
5313,-0.202541
5314,-0.202698
5315,-0.197329
5316,-0.207235
5317,-0.201496
5318,-0.207168
5319,-0.207979
5320,-0.208577
5321,-0.209844
5322,-0.213628
5323,-0.215112
5324,-0.206132
5325,-0.204187
5326,-0.206166
5327,-0.201663
5328,-0.210646
5329,-0.206133
5330,-0.204408
5331,-0.206126
5332,-0.207003
5333,-0.215653
5334,-0.204337
5335,-0.206123
5336,-0.201789
5337,-0.205957
5338,-0.207203
5339,-0.214698
5340,-0.211569
5341,-0.209645
5342,-0.204320
5343,-0.206835
5344,-0.208678
5345,-0.218053
5346,-0.207060
5347,-0.212638
5348,-0.209106
5349,-0.218818
5350,-0.214738
5351,-0.212894
5352,-0.211050
5353,-0.209543
5354,-0.209661
5355,-0.218321
5356,-0.214504
5357,-0.221973
5358,-0.223242
5359,-0.210750
5360,-0.210049
5361,-0.219561
5362,-0.217768
5363,-0.218095
5364,-0.211334
5365,-0.208373
5366,-0.212341
5367,-0.215790
5368,-0.214183
5369,-0.205965
5370,-0.209768
5371,-0.212942
5372,-0.217366
5373,-0.218558
5374,-0.210166
5375,-0.220457
5376,-0.207246
5377,-0.222510
5378,-0.209711
5379,-0.213242
5380,-0.212944
5381,-0.219294
5382,-0.219433
5383,-0.214457
5384,-0.218419
5385,-0.216609
5386,-0.220857
5387,-0.211539
5388,-0.219789
5389,-0.219735
5390,-0.219453
5391,-0.222037
5392,-0.225259
5393,-0.223197
5394,-0.215563
5395,-0.217420
5396,-0.215490
5397,-0.224518
5398,-0.222793
5399,-0.218095
5400,-0.216918
5401,-0.216779
5402,-0.223800
5403,-0.209083
5404,-0.213828
5405,-0.214765
5406,-0.224312
5407,-0.220688
5408,-0.218699
5409,-0.219356
5410,-0.221991
5411,-0.224702
5412,-0.224875
5413,-0.213525
5414,-0.219387
5415,-0.226831
5416,-0.212075
5417,-0.219348
5418,-0.219257
5419,-0.220207
5420,-0.222338
5421,-0.214174
5422,-0.220874
5423,-0.216240
5424,-0.218644
5425,-0.219557
5426,-0.223869
5427,-0.227485
5428,-0.222512
5429,-0.218713
5430,-0.224455
5431,-0.221714
5432,-0.219295
5433,-0.222032
5434,-0.222765
5435,-0.228736
5436,-0.221333
5437,-0.226531
5438,-0.221696
5439,-0.227884
5440,-0.228059
5441,-0.226098
5442,-0.226049
5443,-0.219469
5444,-0.227127
5445,-0.219841
5446,-0.226521
5447,-0.229678
5448,-0.225540
5449,-0.224983
5450,-0.223512
5451,-0.230673
5452,-0.225259
5453,-0.218958
5454,-0.232114
5455,-0.223588
5456,-0.221484
5457,-0.225689
5458,-0.228739
5459,-0.229433
5460,-0.232370
5461,-0.214286
5462,-0.228951
5463,-0.224633
5464,-0.222723
5465,-0.219031
5466,-0.225039
5467,-0.228556
5468,-0.225173
5469,-0.225365
5470,-0.230622
5471,-0.218391
5472,-0.220157
5473,-0.222581
5474,-0.223649
5475,-0.230106
5476,-0.226687
5477,-0.231902
5478,-0.226519
5479,-0.223312
5480,-0.227352
5481,-0.229753
5482,-0.217229
5483,-0.224590
5484,-0.224763
5485,-0.219328
5486,-0.232527
5487,-0.213116
5488,-0.223892
5489,-0.229453
5490,-0.219184
5491,-0.230147
5492,-0.225314
5493,-0.214256
5494,-0.234993
5495,-0.217895
5496,-0.220865
5497,-0.229879
5498,-0.226314
5499,-0.231822
5500,-0.224646
5501,-0.225836
5502,-0.225685
5503,-0.223961
5504,-0.223197
5505,-0.220250
5506,-0.226985
5507,-0.231180
5508,-0.225922
5509,-0.225347
5510,-0.223262
5511,-0.226058
5512,-0.232249
5513,-0.221471
5514,-0.226493
5515,-0.224795
5516,-0.218505
5517,-0.226887
5518,-0.225297
5519,-0.221411
5520,-0.229165
5521,-0.228770
5522,-0.221871
5523,-0.216239
5524,-0.227696
5525,-0.226245
5526,-0.217962
5527,-0.222168
5528,-0.218941
5529,-0.221120
5530,-0.213034
5531,-0.220942
5532,-0.218622
5533,-0.223319
5534,-0.213828
5535,-0.217176
5536,-0.220033
5537,-0.221779
5538,-0.217645
5539,-0.224690
5540,-0.218202
5541,-0.210933
5542,-0.217875
5543,-0.221550
5544,-0.209720
5545,-0.213125
5546,-0.215410
5547,-0.215815
5548,-0.214242
5549,-0.212730
5550,-0.213034
5551,-0.213819
5552,-0.216404
5553,-0.208452
5554,-0.211267
5555,-0.214571
5556,-0.203942
5557,-0.201326
5558,-0.207620
5559,-0.212734
5560,-0.207035
5561,-0.206630
5562,-0.201498
5563,-0.199774
5564,-0.200096
5565,-0.202979
5566,-0.210778
5567,-0.205240
5568,-0.201182
5569,-0.201295
5570,-0.199542
5571,-0.208097
5572,-0.192600
5573,-0.197818
5574,-0.199799
5575,-0.205244
5576,-0.197713
5577,-0.201844
5578,-0.199390
5579,-0.204465
5580,-0.196883
5581,-0.189310
5582,-0.200585
5583,-0.189199
5584,-0.194662
5585,-0.194877
5586,-0.193624
5587,-0.190961
5588,-0.183761
5589,-0.183938
5590,-0.189382
5591,-0.181899
5592,-0.182234
5593,-0.185627
5594,-0.180264
5595,-0.179896
5596,-0.181277
5597,-0.179216
5598,-0.184239
5599,-0.178892
5600,-0.178882
5601,-0.172641
5602,-0.174000
5603,-0.174929
5604,-0.164606
5605,-0.173280
5606,-0.170659
5607,-0.166899
5608,-0.176164
5609,-0.165244
5610,-0.162235
5611,-0.162143
5612,-0.166259
5613,-0.164626
5614,-0.157507
5615,-0.159544
5616,-0.155826
5617,-0.154542
5618,-0.158304
5619,-0.161690
5620,-0.154426
5621,-0.145214
5622,-0.153538
5623,-0.155593
5624,-0.143243
5625,-0.139691
5626,-0.145477
5627,-0.153704
5628,-0.148156
5629,-0.142010
5630,-0.131769
5631,-0.145499
5632,-0.136815
5633,-0.133923
5634,-0.127774
5635,-0.128927
5636,-0.128304
5637,-0.127611
5638,-0.132996
5639,-0.126734
5640,-0.130692
5641,-0.118824
5642,-0.116081
5643,-0.130847
5644,-0.121561
5645,-0.120358
5646,-0.123831
5647,-0.112348
5648,-0.109519
5649,-0.112154
5650,-0.113245
5651,-0.102058
5652,-0.107409
5653,-0.102011
5654,-0.100554
5655,-0.101787
5656,-0.100178
5657,-0.092915
5658,-0.103675
5659,-0.099631
5660,-0.090378
5661,-0.087712
5662,-0.088797
5663,-0.093140
5664,-0.089734
5665,-0.094337
5666,-0.088101
5667,-0.085842
5668,-0.078018
5669,-0.083856
5670,-0.083009
5671,-0.073505
5672,-0.069476
5673,-0.078247
5674,-0.073921
5675,-0.071003
5676,-0.074579
5677,-0.057355
5678,-0.057634
5679,-0.066980
5680,-0.062347
5681,-0.051370
5682,-0.061916
5683,-0.046320
5684,-0.062348
5685,-0.055762
5686,-0.057160
5687,-0.056224
5688,-0.041384
5689,-0.047482
5690,-0.041503
5691,-0.035180
5692,-0.041774
5693,-0.035875
5694,-0.047097
5695,-0.039475
5696,-0.034110
5697,-0.025034
5698,-0.022755
5699,-0.023817
5700,-0.025118
5701,-0.027303
5702,-0.023110
5703,-0.012989
5704,-0.013546
5705,-0.014942
5706,-0.014407
5707,-0.011225
5708,-0.007223
5709,-0.013330
5710,-0.002109
5711,0.005718
5712,0.007016
5713,-0.001280
5714,0.004755
5715,-0.003087
5716,0.000925
5717,0.000036
5718,0.021359
5719,0.009030
5720,0.010397
5721,0.006008
5722,0.010244
5723,0.005685
5724,0.013065
5725,0.012162
5726,0.023605
5727,0.020959
5728,0.024753
5729,0.020112
5730,0.019678
5731,0.018628
5732,0.031849
5733,0.037859
5734,0.034519
5735,0.030275
5736,0.032893
5737,0.048152
5738,0.036143
5739,0.041384
5740,0.055119
5741,0.045421
5742,0.045995
5743,0.040767
5744,0.057740
5745,0.046926
5746,0.047553
5747,0.048276
5748,0.050762
5749,0.051061
5750,0.059351
5751,0.061437
5752,0.059263
5753,0.051576
5754,0.048396
5755,0.066031
5756,0.071800
5757,0.063297
5758,0.077823
5759,0.060538
5760,0.082310
5761,0.065932
5762,0.074424
5763,0.077432
5764,0.075752
5765,0.076394
5766,0.083133
5767,0.078410
5768,0.091762
5769,0.078313
5770,0.088424
5771,0.091034
5772,0.091332
5773,0.085660
5774,0.082543
5775,0.092039
5776,0.093714
5777,0.090846
5778,0.085824
5779,0.095401
5780,0.101638
5781,0.100757
5782,0.097190
5783,0.108272
5784,0.101701
5785,0.108697
5786,0.102006
5787,0.102384
5788,0.119100
5789,0.108993
5790,0.105956
5791,0.109212
5792,0.119015
5793,0.111341
5794,0.120696
5795,0.116058
5796,0.123064
5797,0.124829
5798,0.121067
5799,0.108735
5800,0.118501
5801,0.127688
5802,0.125701
5803,0.120183
5804,0.140752
5805,0.124408
5806,0.135541
5807,0.138179
5808,0.134347
5809,0.124865
5810,0.143193
5811,0.139799
5812,0.141339
5813,0.150764
5814,0.154602
5815,0.151812
5816,0.143400
5817,0.143720
5818,0.151385
5819,0.151045
5820,0.147325
5821,0.153914
5822,0.161276
5823,0.148356
5824,0.154229
5825,0.164583
5826,0.158757
5827,0.160319
5828,0.171836
5829,0.160465
5830,0.169716
5831,0.166796
5832,0.174727
5833,0.171910
5834,0.176126
5835,0.174090
5836,0.174933
5837,0.178272
5838,0.181719
5839,0.187412
5840,0.171158
5841,0.180960
5842,0.182663
5843,0.178458
5844,0.185706
5845,0.177275
5846,0.178557
5847,0.191752
5848,0.187337
5849,0.186101
5850,0.187607
5851,0.185610
5852,0.192570
5853,0.196145
5854,0.197711
5855,0.199555
5856,0.204320
5857,0.190413
5858,0.194016
5859,0.198422
5860,0.202786
5861,0.197366
5862,0.206739
5863,0.194886
5864,0.212715
5865,0.207908
5866,0.198600
5867,0.203801
5868,0.206017
5869,0.201454
5870,0.210599
5871,0.192142
5872,0.217392
5873,0.196784
5874,0.204518
5875,0.210840
5876,0.214226
5877,0.201102
5878,0.207881
5879,0.220354
5880,0.216317
5881,0.212858
5882,0.208718
5883,0.218084
5884,0.214456
5885,0.213919
5886,0.206913
5887,0.218042
5888,0.212794
5889,0.208204
5890,0.217782
5891,0.217653
5892,0.210906
5893,0.203282
5894,0.202422
5895,0.227541
5896,0.215515
5897,0.222807
5898,0.217483
5899,0.207102
5900,0.216096
5901,0.218167
5902,0.226595
5903,0.231987
5904,0.220190
5905,0.221578
5906,0.216538
5907,0.215296
5908,0.216414
5909,0.228842
5910,0.229295
5911,0.212863
5912,0.210533
5913,0.214552
5914,0.217747
5915,0.221251
5916,0.208938
5917,0.221988
5918,0.213741
5919,0.216652
5920,0.222262
5921,0.215393
5922,0.219404
5923,0.226138
5924,0.226998
5925,0.225683
5926,0.219051
5927,0.224105
5928,0.214884
5929,0.229314
5930,0.222948
5931,0.223231
5932,0.227290
5933,0.229850
5934,0.220190
5935,0.220675
5936,0.219856
5937,0.232289
5938,0.208030
5939,0.227592
5940,0.222204
5941,0.219490
5942,0.232861
5943,0.222928
5944,0.219298
5945,0.228499
5946,0.226964
5947,0.227709
5948,0.231703
5949,0.230223
5950,0.233654
5951,0.228027
5952,0.229286
5953,0.227801
5954,0.242042
5955,0.231061
5956,0.224607
5957,0.229907
5958,0.223067
5959,0.228962
5960,0.230364
5961,0.221208
5962,0.227367
5963,0.226589
5964,0.218293
5965,0.231766
5966,0.225216
5967,0.231261
5968,0.231987
5969,0.227002
5970,0.231173
5971,0.228404
5972,0.233644
5973,0.229090
5974,0.220743
5975,0.222110
5976,0.228434
5977,0.230478
5978,0.228011
5979,0.235176
5980,0.223599
5981,0.234906
5982,0.233544
5983,0.217579
5984,0.226278
5985,0.212933
5986,0.216829
5987,0.212108
5988,0.215466
5989,0.219685
5990,0.222080
5991,0.218648
5992,0.224610
5993,0.217780
5994,0.223621
5995,0.231060
5996,0.221674
5997,0.235462
5998,0.219843
5999,0.218648
6000,0.221896
